Date;Stocks;Return
1871.01;107.61;
1871.02;106.34;-0.011801877
1871.03;107.86;0.014293775
1871.04;115.63;0.072037827
1871.05;121.85;0.053792268
1871.06;123.3;0.011899877
1871.07;121.56;-0.014111922
1871.08;125.63;0.033481408
1871.09;124.52;-0.008835469
1871.1;116.82;-0.061837456
1871.11;118.65;0.015665126
1871.12;119.01;0.003034134
1872.01;122.58;0.029997479
1872.02;123.64;0.008647414
1872.03;126.37;0.022080233
1872.04;127.61;0.009812455
1872.05;128.18;0.004466735
1872.06;128.45;0.002106413
1872.07;130.19;0.013546127
1872.08;128.32;-0.014363622
1872.09;125.72;-0.020261845
1872.1;129.69;0.03157811
1872.11;126.05;-0.028066929
1872.12;131.65;0.044426815
1873.01;133.34;0.012837068
1873.02;132.13;-0.009074546
1873.03;131.76;-0.002800272
1873.04;130.63;-0.008576199
1873.05;134.46;0.029319452
1873.06;137.34;0.021419009
1873.07;137.79;0.00327654
1873.08;138.53;0.005370491
1873.09;128.69;-0.071031546
1873.1;120.98;-0.059911415
1873.11;121.2;0.001818482
1873.12;130.29;0.075
1874.01;136.05;0.044209072
1874.02;140.94;0.035942668
1874.03;139.7;-0.00879807
1874.04;138.8;-0.006442377
1874.05;137.08;-0.012391931
1874.06;140.63;0.025897286
1874.07;140.37;-0.001848823
1874.08;142.69;0.016527748
1874.09;145.8;0.021795501
1874.1;148.77;0.02037037
1874.11;152.23;0.023257377
1874.12;152.15;-0.000525521
1875.01;153.06;0.00598094
1875.02;153.64;0.003789364
1875.03;156.58;0.019135642
1875.04;158.23;0.010537744
1875.05;156.86;-0.008658282
1875.06;157.27;0.002613796
1875.07;158.56;0.008202454
1875.08;158.86;0.001892028
1875.09;159.7;0.005287675
1875.1;158.07;-0.010206637
1875.11;162.96;0.030935661
1875.12;165.32;0.014482081
1876.01;171.16;0.035325429
1876.02;174.42;0.019046506
1876.03;175;0.003325307
1876.04;170.87;-0.0236
1876.05;171.63;0.004447826
1876.06;176.28;0.027093166
1876.07;175.22;-0.006013161
1876.08;167.44;-0.044401324
1876.09;156.81;-0.063485428
1876.1;154.17;-0.016835661
1876.11;150.91;-0.021145489
1876.12;148.44;-0.016367371
1877.01;145.63;-0.018930207
1877.02;141.67;-0.027192199
1877.03;141.75;0.000564693
1877.04;128.84;-0.091075838
1877.05;127.45;-0.010788575
1877.06;125.98;-0.011533935
1877.07;131.18;0.041276393
1877.08;146.75;0.118691874
1877.09;158.3;0.078705281
1877.1;162.56;0.026910929
1877.11;164.14;0.009719488
1877.12;164.44;0.001827708
1878.01;170.34;0.035879348
1878.02;169.24;-0.006457673
1878.03;176.95;0.045556606
1878.04;184.68;0.043684657
1878.05;192.3;0.041260559
1878.06;201.7;0.048881955
1878.07;204.43;0.013534953
1878.08;201.3;-0.015310864
1878.09;206.27;0.024689518
1878.1;207.12;0.004120813
1878.11;209.77;0.012794515
1878.12;214.34;0.021785765
1879.01;220.79;0.030092377
1879.02;227.14;0.028760361
1879.03;226.99;-0.000660386
1879.04;238.16;0.049209216
1879.05;249.89;0.049252603
1879.06;255.13;0.020969226
1879.07;258.27;0.012307451
1879.08;261.22;0.011422155
1879.09;262.73;0.005780568
1879.1;276.83;0.053667263
1879.11;277.82;0.003576202
1879.12;270.02;-0.028075732
1880.01;273.34;0.012295386
1880.02;279.09;0.021036072
1880.03;282.73;0.013042388
1880.04;288.18;0.019276341
1880.05;274.49;-0.047505032
1880.06;282.45;0.028999235
1880.07;296.57;0.049991149
1880.08;308.41;0.039923121
1880.09;305.88;-0.008203366
1880.1;315.97;0.032986792
1880.11;330.45;0.045827135
1880.12;341.82;0.034407626
1881.01;367.27;0.074454391
1881.02;363.75;-0.00958423
1881.03;369.22;0.015037801
1881.04;365.77;-0.009344023
1881.05;387.46;0.05929956
1881.06;393.67;0.016027461
1881.07;377.61;-0.04079559
1881.08;362.99;-0.038717195
1881.09;353.67;-0.025675638
1881.1;346.23;-0.02103656
1881.11;353.23;0.020217774
1881.12;344.48;-0.024771395
1882.01;340.85;-0.010537622
1882.02;331.8;-0.026551269
1882.03;332.76;0.002893309
1882.04;331.23;-0.004597908
1882.05;325.76;-0.016514205
1882.06;322.63;-0.009608301
1882.07;345.44;0.070700183
1882.08;354.11;0.025098425
1882.09;369.05;0.04219028
1882.1;363.95;-0.013819266
1882.11;353.26;-0.029372167
1882.12;360.1;0.019362509
1883.01;359.9;-0.000555401
1883.02;350.17;-0.027035288
1883.03;359.54;0.026758432
1883.04;372.27;0.035406353
1883.05;371.21;-0.002847396
1883.06;387.45;0.043748821
1883.07;391.09;0.009394761
1883.08;375.21;-0.040604464
1883.09;385.12;0.026411876
1883.1;376.58;-0.022174907
1883.11;388.1;0.030591109
1883.12;377.6;-0.027054883
1884.01;368.22;-0.024841102
1884.02;380.1;0.032263321
1884.03;380.61;0.001341752
1884.04;373;-0.01999422
1884.05;352.17;-0.055844504
1884.06;339.8;-0.035125082
1884.07;345.53;0.016862861
1884.08;369.27;0.068706046
1884.09;363.58;-0.015408779
1884.1;357.7;-0.016172507
1884.11;360.55;0.007967571
1884.12;366.02;0.015171266
1885.01;359.73;-0.017184853
1885.02;368.63;0.024740778
1885.03;380.17;0.031305103
1885.04;376.99;-0.008364679
1885.05;383.51;0.017294888
1885.06;393.02;0.024797267
1885.07;404.82;0.030023917
1885.08;429.5;0.060965367
1885.09;431.12;0.003771828
1885.1;458.09;0.062557988
1885.11;483.97;0.056495448
1885.12;470.91;-0.026985144
1886.01;483.96;0.027712302
1886.02;495.1;0.023018431
1886.03;492.52;-0.005211068
1886.04;493.67;0.002334931
1886.05;498.04;0.008852067
1886.06;529.37;0.062906594
1886.07;532.62;0.006139373
1886.08;531.85;-0.001445684
1886.09;547.58;0.029576008
1886.1;563.34;0.028781183
1886.11;579.14;0.028047005
1886.12;559.07;-0.034654833
1887.01;541.74;-0.030997907
1887.02;533.33;-0.015524052
1887.03;547.67;0.026887668
1887.04;562.08;0.026311465
1887.05;573.65;0.020584258
1887.06;565.68;-0.013893489
1887.07;560.48;-0.009192476
1887.08;541.92;-0.033114473
1887.09;543.44;0.002804842
1887.1;521.04;-0.041218902
1887.11;526.86;0.011169968
1887.12;513.86;-0.024674487
1888.01;513.87;1.94606E-05
1888.02;518.85;0.009691167
1888.03;501.2;-0.034017539
1888.04;511.05;0.019652833
1888.05;526.2;0.029644849
1888.06;518.05;-0.015488407
1888.07;527.27;0.01779751
1888.08;540.57;0.025224268
1888.09;555.98;0.028506946
1888.1;548.43;-0.013579625
1888.11;532.94;-0.028244261
1888.12;524.72;-0.015423875
1889.01;556.05;0.059708035
1889.02;571.24;0.027317687
1889.03;568.27;-0.005199216
1889.04;569.24;0.001706935
1889.05;601.36;0.056426112
1889.06;613.66;0.020453638
1889.07;603.3;-0.016882313
1889.08;613.39;0.016724681
1889.09;622.57;0.014966009
1889.1;613.34;-0.014825642
1889.11;609.75;-0.005853197
1889.12;601;-0.014350144
1890.01;625.1;0.040099834
1890.02;620.26;-0.007742761
1890.03;617.73;-0.004078935
1890.04;632.75;0.02431483
1890.05;653.73;0.033156855
1890.06;651.21;-0.003854802
1890.07;648.68;-0.003885075
1890.08;612.9;-0.055158167
1890.09;597.67;-0.024849078
1890.1;572.77;-0.041661787
1890.11;545.96;-0.046807619
1890.12;535.34;-0.019451975
1891.01;572.3;0.069040236
1891.02;574.55;0.003931504
1891.03;559.41;-0.026351057
1891.04;573.32;0.024865483
1891.05;579.95;0.011564222
1891.06;584.3;0.007500647
1891.07;583.99;-0.000530549
1891.08;605.82;0.037380777
1891.09;665.45;0.098428576
1891.1;667.73;0.003426253
1891.11;668.36;0.000943495
1891.12;691.07;0.033978694
1892.01;724.54;0.048432141
1892.02;728.31;0.005203301
1892.03;758.39;0.041301094
1892.04;769.87;0.01513733
1892.05;772.5;0.003416161
1892.06;770.99;-0.001954693
1892.07;753.32;-0.022918585
1892.08;756.88;0.004725747
1892.09;740.67;-0.021416869
1892.1;758.2;0.02366776
1892.11;738.99;-0.025336323
1892.12;724.51;-0.019594311
1893.01;713.54;-0.015141268
1893.02;695.01;-0.025969112
1893.03;688.73;-0.009035841
1893.04;699.89;0.016203737
1893.05;648.63;-0.073240081
1893.06;636.46;-0.018762623
1893.07;595.18;-0.06485875
1893.08;607.86;0.021304479
1893.09;628.32;0.033659066
1893.1;641.55;0.02105615
1893.11;671.94;0.047369652
1893.12;660.28;-0.01735274
1894.01;667.94;0.011601139
1894.02;689.93;0.032922119
1894.03;734.24;0.064223907
1894.04;747.22;0.017678143
1894.05;722.6;-0.032948797
1894.06;715.9;-0.009272073
1894.07;704.17;-0.01638497
1894.08;713.09;0.012667396
1894.09;717.27;0.005861813
1894.1;717.69;0.000585554
1894.11;720.62;0.004082543
1894.12;727.28;0.009242042
1895.01;721.76;-0.007589924
1895.02;714.49;-0.0100726
1895.03;717.41;0.004086831
1895.04;719.83;0.003373245
1895.05;751.69;0.04426045
1895.06;758.69;0.00931235
1895.07;775.06;0.021576665
1895.08;800.21;0.032449101
1895.09;807.94;0.009659964
1895.1;798.9;-0.01118895
1895.11;774.68;-0.030316685
1895.12;742.09;-0.042068983
1896.01;746.72;0.006239135
1896.02;792.26;0.060986715
1896.03;782.58;-0.012218211
1896.04;804.17;0.027588234
1896.05;815.33;0.013877663
1896.06;815.54;0.000257564
1896.07;765.58;-0.061260024
1896.08;724.89;-0.053149246
1896.09;765.83;0.056477535
1896.1;762.8;-0.003956492
1896.11;794.33;0.041334557
1896.12;768.03;-0.033109665
1897.01;793.43;0.033071625
1897.02;788.73;-0.005923648
1897.03;793.45;0.005984304
1897.04;783.19;-0.012930872
1897.05;801.91;0.023902246
1897.06;842.2;0.050242546
1897.07;882.64;0.048017098
1897.08;902;0.021934197
1897.09;921.8;0.02195122
1897.1;907.75;-0.015241918
1897.11;878.56;-0.032156431
1897.12;900.29;0.024733655
1898.01;927.79;0.030545713
1898.02;915.72;-0.013009409
1898.03;877.25;-0.042010658
1898.04;865.09;-0.013861499
1898.05;864;-0.001259985
1898.06;963.94;0.115671296
1898.07;984.66;0.021495114
1898.08;1,024.61;0.04057238
1898.09;1,025.83;0.001190697
1898.1;1,007.57;-0.01780022
1898.11;1,044.06;0.036215846
1898.12;1,096.43;0.050159952
1899.01;1,183.13;0.079074816
1899.02;1,197.42;0.012078132
1899.03;1,217.70;0.016936413
1899.04;1,219.45;0.001437136
1899.05;1,171.84;-0.039042191
1899.06;1,133.33;-0.032862848
1899.07;1,160.27;0.023770658
1899.08;1,177.52;0.014867229
1899.09;1,124.08;-0.045383518
1899.1;1,108.00;-0.014305032
1899.11;1,118.22;0.009223827
1899.12;1,032.49;-0.076666488
1900.01;1,049.32;0.0163004
1900.02;1,058.71;0.008948652
1900.03;1,070.54;0.011173976
1900.04;1,087.64;0.015973247
1900.05;1,065.07;-0.020751352
1900.06;1,049.88;-0.014261973
1900.07;1,040.95;-0.008505734
1900.08;1,072.24;0.030059081
1900.09;1,038.32;-0.031634709
1900.1;1,093.50;0.05314354
1900.11;1,183.45;0.082258802
1900.12;1,274.98;0.077341671
1901.01;1,300.51;0.020023844
1901.02;1,355.00;0.041898947
1901.03;1,408.34;0.039365314
1901.04;1,550.66;0.101055143
1901.05;1,477.45;-0.047212155
1901.06;1,629.56;0.102954415
1901.07;1,506.20;-0.075701416
1901.08;1,513.14;0.004607622
1901.09;1,492.13;-0.013885034
1901.1;1,480.26;-0.007955071
1901.11;1,498.76;0.012497804
1901.12;1,461.98;-0.024540287
1902.01;1,516.21;0.037093531
1902.02;1,534.28;0.011917874
1902.03;1,541.19;0.004503741
1902.04;1,579.85;0.025084513
1902.05;1,562.55;-0.010950407
1902.06;1,540.20;-0.014303542
1902.07;1,579.97;0.025821322
1902.08;1,646.37;0.042026114
1902.09;1,635.94;-0.006335149
1902.1;1,485.59;-0.091904349
1902.11;1,481.46;-0.00278004
1902.12;1,436.10;-0.030618444
1903.01;1,497.54;0.042782536
1903.02;1,493.60;-0.002630981
1903.03;1,489.04;-0.003053026
1903.04;1,433.39;-0.037373073
1903.05;1,443.68;0.007178786
1903.06;1,369.28;-0.051534966
1903.07;1,311.78;-0.041992872
1903.08;1,275.13;-0.027939136
1903.09;1,235.51;-0.031071342
1903.1;1,214.90;-0.01668137
1903.11;1,238.81;0.019680632
1903.12;1,301.77;0.050822967
1904.01;1,298.73;-0.002335282
1904.02;1,240.78;-0.044620514
1904.03;1,256.48;0.012653331
1904.04;1,307.81;0.040852222
1904.05;1,315.96;0.006231792
1904.06;1,323.55;0.005767653
1904.07;1,383.98;0.045657512
1904.08;1,419.73;0.025831298
1904.09;1,470.81;0.035978672
1904.1;1,562.51;0.062346598
1904.11;1,615.33;0.033804584
1904.12;1,636.25;0.012950914
1905.01;1,677.11;0.024971734
1905.02;1,755.91;0.046985588
1905.03;1,831.60;0.043105854
1905.04;1,814.68;-0.009237825
1905.05;1,750.65;-0.035284458
1905.06;1,776.73;0.014897324
1905.07;1,838.05;0.034512841
1905.08;1,890.29;0.028421425
1905.09;1,923.88;0.01776976
1905.1;1,956.65;0.017033287
1905.11;1,929.74;-0.013753098
1905.12;1,960.84;0.016116161
1906.01;2,034.42;0.037524734
1906.02;2,025.86;-0.004207587
1906.03;1,982.23;-0.021536533
1906.04;1,961.38;-0.010518456
1906.05;1,894.32;-0.034190213
1906.06;1,925.36;0.016385827
1906.07;1,946.97;0.011223875
1906.08;2,050.56;0.05320575
1906.09;2,096.94;0.022618212
1906.1;1,996.61;-0.047845909
1906.11;2,022.42;0.012926911
1906.12;1,989.48;-0.016287418
1907.01;1,960.53;-0.014551541
1907.02;1,865.82;-0.048308366
1907.03;1,707.32;-0.084949245
1907.04;1,722.54;0.008914556
1907.05;1,635.33;-0.050628723
1907.06;1,573.52;-0.037796653
1907.07;1,640.82;0.042770349
1907.08;1,525.02;-0.070574469
1907.09;1,516.08;-0.005862218
1907.1;1,344.72;-0.113028336
1907.11;1,327.29;-0.012961806
1907.12;1,433.52;0.08003526
1908.01;1,519.07;0.059678274
1908.02;1,488.00;-0.020453304
1908.03;1,556.95;0.046337366
1908.04;1,630.74;0.047393943
1908.05;1,726.52;0.058734072
1908.06;1,736.71;0.005902046
1908.07;1,788.59;0.029872575
1908.08;1,873.15;0.047277464
1908.09;1,860.49;-0.006758669
1908.1;1,870.66;0.005466302
1908.11;1,983.60;0.060374413
1908.12;2,014.58;0.015618068
1909.01;2,050.36;0.017760526
1909.02;1,978.14;-0.035223083
1909.03;2,012.80;0.01752151
1909.04;2,067.31;0.027081677
1909.05;2,121.90;0.026406296
1909.06;2,145.18;0.010971299
1909.07;2,183.54;0.017881949
1909.08;2,221.63;0.01744415
1909.09;2,209.55;-0.005437449
1909.1;2,182.82;-0.012097486
1909.11;2,158.95;-0.010935395
1909.12;2,171.29;0.005715741
1910.01;2,153.20;-0.008331453
1910.02;2,084.22;-0.032036039
1910.03;2,103.24;0.009125716
1910.04;2,041.22;-0.029487838
1910.05;2,053.92;0.006221769
1910.06;1,982.12;-0.034957545
1910.07;1,890.23;-0.046359454
1910.08;1,963.44;0.038730736
1910.09;2,004.77;0.02104979
1910.1;2,169.55;0.082193967
1910.11;2,221.17;0.023792952
1910.12;2,168.48;-0.023721732
1911.01;2,230.58;0.028637571
1911.02;2,351.22;0.054084588
1911.03;2,308.99;-0.017960888
1911.04;2,384.06;0.032512051
1911.05;2,445.51;0.025775358
1911.06;2,504.62;0.024170827
1911.07;2,477.50;-0.01082799
1911.08;2,295.18;-0.073590313
1911.09;2,157.38;-0.060038864
1911.1;2,179.56;0.010280989
1911.11;2,300.54;0.055506616
1911.12;2,345.05;0.019347631
1912.01;2,333.16;-0.005070254
1912.02;2,298.82;-0.014718236
1912.03;2,326.96;0.012241063
1912.04;2,338.53;0.004972153
1912.05;2,345.73;0.003078857
1912.06;2,378.74;0.014072378
1912.07;2,391.07;0.005183416
1912.08;2,431.75;0.017013304
1912.09;2,430.18;-0.000645626
1912.1;2,435.07;0.002012197
1912.11;2,417.73;-0.007120945
1912.12;2,363.65;-0.022368089
1913.01;2,330.72;-0.013931843
1913.02;2,258.04;-0.031183497
1913.03;2,225.32;-0.014490443
1913.04;2,232.90;0.003406252
1913.05;2,204.59;-0.012678579
1913.06;2,082.56;-0.055352696
1913.07;2,099.61;0.008187039
1913.08;2,165.94;0.031591581
1913.09;2,174.73;0.004058284
1913.1;2,116.09;-0.026964267
1913.11;2,052.02;-0.03027754
1913.12;2,080.27;0.013766922
1914.01;2,175.89;0.045965187
1914.02;2,237.04;0.028103443
1914.03;2,205.05;-0.014300147
1914.04;2,184.27;-0.009423823
1914.05;2,185.62;0.000618055
1914.06;2,184.95;-0.000306549
1914.07;2,053.24;-0.060280556
1914.08;2,022.59;-0.014927627
1914.09;2,032.13;0.004716725
1914.1;2,061.83;0.014615207
1914.11;2,051.03;-0.005238065
1914.12;1,991.78;-0.028887925
1915.01;2,036.51;0.0224573
1915.02;2,039.04;0.001242321
1915.03;2,122.48;0.040921218
1915.04;2,269.27;0.069159662
1915.05;2,204.12;-0.028709673
1915.06;2,238.89;0.015775003
1915.07;2,240.41;0.000678908
1915.08;2,345.46;0.046888739
1915.09;2,442.54;0.041390601
1915.1;2,562.62;0.049161938
1915.11;2,636.52;0.028837674
1915.12;2,652.08;0.005901719
1916.01;2,595.20;-0.021447317
1916.02;2,569.51;-0.009899044
1916.03;2,547.40;-0.008604753
1916.04;2,506.70;-0.015977075
1916.05;2,549.08;0.01690669
1916.06;2,561.24;0.004770349
1916.07;2,537.20;-0.009386079
1916.08;2,544.71;0.002959956
1916.09;2,612.78;0.02674961
1916.1;2,657.97;0.017295754
1916.11;2,683.91;0.009759328
1916.12;2,566.09;-0.04389864
1917.01;2,496.79;-0.027006068
1917.02;2,309.34;-0.075076398
1917.03;2,393.58;0.036477955
1917.04;2,257.63;-0.056797767
1917.05;2,159.63;-0.043408353
1917.06;2,182.10;0.01040456
1917.07;2,167.90;-0.006507493
1917.08;2,084.49;-0.038475022
1917.09;1,952.63;-0.063257679
1917.1;1,832.66;-0.061440211
1917.11;1,693.44;-0.075966082
1917.12;1,625.46;-0.040143141
1918.01;1,699.79;0.045728594
1918.02;1,752.30;0.030892051
1918.03;1,742.26;-0.005729613
1918.04;1,713.98;-0.016231791
1918.05;1,744.48;0.01779484
1918.06;1,735.20;-0.005319637
1918.07;1,714.55;-0.011900645
1918.08;1,708.20;-0.003703596
1918.09;1,677.77;-0.017814073
1918.1;1,726.92;0.029294838
1918.11;1,748.69;0.012606259
1918.12;1,703.39;-0.025905106
1919.01;1,702.79;-0.000352239
1919.02;1,751.32;0.028500285
1919.03;1,792.90;0.023742092
1919.04;1,829.29;0.020296726
1919.05;1,942.54;0.061909265
1919.06;2,004.44;0.031865496
1919.07;2,019.89;0.007707888
1919.08;1,861.48;-0.078425063
1919.09;1,889.62;0.015117004
1919.1;1,962.40;0.03851568
1919.11;1,872.21;-0.04595903
1919.12;1,787.56;-0.045213945
1920.01;1,741.49;-0.025772561
1920.02;1,589.70;-0.087160994
1920.03;1,692.79;0.064848714
1920.04;1,637.76;-0.032508462
1920.05;1,520.72;-0.071463462
1920.06;1,480.92;-0.026171813
1920.07;1,494.28;0.009021419
1920.08;1,479.41;-0.009951281
1920.09;1,563.43;0.056792911
1920.1;1,581.82;0.011762599
1920.11;1,517.71;-0.040529264
1920.12;1,419.06;-0.064999242
1921.01;1,521.73;0.072350711
1921.02;1,569.54;0.031418189
1921.03;1,547.15;-0.014265326
1921.04;1,580.41;0.021497592
1921.05;1,674.78;0.059712353
1921.06;1,559.02;-0.069119526
1921.07;1,554.96;-0.0026042
1921.08;1,545.37;-0.006167361
1921.09;1,611.34;0.042688806
1921.1;1,642.80;0.019524123
1921.11;1,750.55;0.065589238
1921.12;1,832.58;0.046859558
1922.01;1,883.32;0.027687741
1922.02;1,934.66;0.02726037
1922.03;2,041.65;0.055301707
1922.04;2,176.10;0.065853599
1922.05;2,271.54;0.043858279
1922.06;2,261.00;-0.004640024
1922.07;2,274.34;0.005900044
1922.08;2,399.42;0.054996175
1922.09;2,473.18;0.030740762
1922.1;2,523.99;0.0205444
1922.11;2,395.75;-0.050808442
1922.12;2,387.66;-0.003376813
1923.01;2,446.36;0.02458474
1923.02;2,562.57;0.047503229
1923.03;2,615.85;0.020791627
1923.04;2,521.24;-0.036167976
1923.05;2,414.07;-0.042506862
1923.06;2,320.52;-0.038751983
1923.07;2,228.49;-0.039659214
1923.08;2,264.78;0.016284569
1923.09;2,277.67;0.005691502
1923.1;2,243.36;-0.01506364
1923.11;2,322.71;0.035371051
1923.12;2,413.75;0.039195595
1924.01;2,505.31;0.037932677
1924.02;2,543.97;0.015431224
1924.03;2,522.67;-0.00837274
1924.04;2,492.22;-0.012070544
1924.05;2,496.57;0.001745432
1924.06;2,557.00;0.02420521
1924.07;2,673.17;0.045432147
1924.08;2,794.68;0.045455396
1924.09;2,765.08;-0.010591553
1924.1;2,726.88;-0.013815152
1924.11;2,892.85;0.060864431
1924.12;3,044.94;0.052574451
1925.01;3,184.66;0.045885962
1925.02;3,244.51;0.018793215
1925.03;3,155.28;-0.027501842
1925.04;3,154.45;-0.000263051
1925.05;3,251.40;0.030734359
1925.06;3,286.32;0.010739989
1925.07;3,353.96;0.020582293
1925.08;3,413.97;0.017892283
1925.09;3,507.73;0.027463627
1925.1;3,638.56;0.037297626
1925.11;3,704.20;0.018040104
1925.12;3,800.85;0.026092004
1926.01;3,874.25;0.01931147
1926.02;3,896.07;0.005632058
1926.03;3,668.06;-0.058523076
1926.04;3,561.86;-0.028952634
1926.05;3,623.41;0.017280297
1926.06;3,834.19;0.058171722
1926.07;4,058.74;0.058565173
1926.08;4,261.59;0.049978565
1926.09;4,319.79;0.013656875
1926.1;4,216.65;-0.023876161
1926.11;4,265.89;0.011677517
1926.12;4,381.51;0.027103371
1927.01;4,421.09;0.009033415
1927.02;4,552.22;0.029660106
1927.03;4,668.75;0.025598499
1927.04;4,803.31;0.028821419
1927.05;4,960.64;0.032754496
1927.06;4,987.95;0.005505338
1927.07;5,207.83;0.044082238
1927.08;5,538.20;0.063437171
1927.09;5,840.23;0.05453577
1927.1;5,739.16;-0.017305825
1927.11;5,925.85;0.032529151
1927.12;6,087.08;0.027207911
1928.01;6,134.05;0.007716343
1928.02;6,154.56;0.003343631
1928.03;6,508.42;0.057495581
1928.04;6,942.22;0.066652121
1928.05;7,139.13;0.028364126
1928.06;6,853.25;-0.040044095
1928.07;6,928.22;0.010939335
1928.08;7,177.22;0.035939967
1928.09;7,617.58;0.061355232
1928.1;7,842.73;0.029556631
1928.11;8,398.36;0.070846504
1928.12;8,506.39;0.012863226
1929.01;9,161.06;0.076962143
1929.02;9,235.68;0.008145346
1929.03;9,480.84;0.026544878
1929.04;9,508.50;0.002917463
1929.05;9,622.70;0.012010307
1929.06;9,777.38;0.016074491
1929.07;10,553.78;0.079407776
1929.08;11,182.82;0.059603289
1929.09;11,657.75;0.04246961
1929.1;10,454.42;-0.103221462
1929.11;7,716.63;-0.261878708
1929.12;8,101.23;0.04984041
1930.01;8,297.45;0.024221013
1930.02;8,900.23;0.072646415
1930.03;9,321.97;0.047385292
1930.04;9,886.92;0.060604143
1930.05;9,383.38;-0.050929915
1930.06;8,517.09;-0.092321743
1930.07;8,468.03;-0.005760183
1930.08;8,443.05;-0.002949919
1930.09;8,421.04;-0.002606878
1930.1;7,339.28;-0.128459193
1930.11;6,881.98;-0.062308564
1930.12;6,576.48;-0.044391294
1931.01;6,895.58;0.048521397
1931.02;7,551.29;0.095091348
1931.03;7,780.12;0.030303432
1931.04;7,118.85;-0.084994833
1931.05;6,550.79;-0.079796596
1931.06;6,459.22;-0.013978467
1931.07;6,707.86;0.038493812
1931.08;6,540.64;-0.024928964
1931.09;5,637.66;-0.138056826
1931.1;4,951.33;-0.121740226
1931.11;5,121.25;0.034318052
1931.12;4,222.50;-0.175494264
1932.01;4,273.34;0.012040261
1932.02;4,330.76;0.013436797
1932.03;4,410.28;0.018361673
1932.04;3,409.18;-0.226992391
1932.05;3,066.36;-0.100557905
1932.06;2,704.90;-0.117879179
1932.07;2,870.92;0.0613775
1932.08;4,376.12;0.524291865
1932.09;4,864.49;0.111598859
1932.1;4,252.01;-0.125908369
1932.11;4,268.51;0.003880518
1932.12;4,186.20;-0.019283075
1933.01;4,445.11;0.061848454
1933.02;4,006.18;-0.098744463
1933.03;4,051.16;0.011227653
1933.04;4,506.35;0.11236041
1933.05;5,827.24;0.29311749
1933.06;6,797.61;0.166523088
1933.07;7,147.41;0.051459263
1933.08;6,763.76;-0.053676786
1933.09;6,730.74;-0.0048819
1933.1;6,099.34;-0.093808407
1933.11;6,269.92;0.02796696
1933.12;6,415.23;0.023175734
1934.01;6,805.64;0.060856742
1934.02;7,277.91;0.069393914
1934.03;6,928.72;-0.047979434
1934.04;7,068.68;0.020199979
1934.05;6,374.12;-0.098258798
1934.06;6,434.31;0.009442872
1934.07;6,154.12;-0.043546239
1934.08;5,937.86;-0.035140686
1934.09;5,733.07;-0.034488856
1934.1;5,845.37;0.019588109
1934.11;6,033.09;0.032114306
1934.12;6,142.53;0.018139958
1935.01;6,076.71;-0.010715454
1935.02;5,874.38;-0.033295978
1935.03;5,526.04;-0.059298173
1935.04;5,921.23;0.07151414
1935.05;6,410.49;0.082628103
1935.06;6,726.61;0.049312923
1935.07;7,103.26;0.05599403
1935.08;7,607.94;0.071049068
1935.09;7,793.06;0.024332474
1935.1;8,026.32;0.02993176
1935.11;8,742.47;0.089225199
1935.12;8,768.72;0.003002584
1936.01;9,279.78;0.058282167
1936.02;9,840.10;0.060380742
1936.03;10,151.49;0.031645004
1936.04;10,194.57;0.004243712
1936.05;9,683.77;-0.050105105
1936.06;10,054.25;0.038257827
1936.07;10,605.37;0.054814631
1936.08;10,772.67;0.015775027
1936.09;10,929.36;0.014545141
1936.1;11,538.06;0.055694021
1936.11;11,898.03;0.031198486
1936.12;11,733.54;-0.013824978
1937.01;12,053.81;0.027295258
1937.02;12,452.40;0.033067553
1937.03;12,393.72;-0.004712345
1937.04;11,616.53;-0.062708372
1937.05;11,066.22;-0.047373011
1937.06;10,698.48;-0.033230859
1937.07;11,302.70;0.056477182
1937.08;11,463.76;0.014249693
1937.09;9,816.99;-0.143650076
1937.1;8,433.60;-0.140917939
1937.11;7,790.45;-0.076260434
1937.12;7,765.17;-0.003244999
1938.01;8,129.01;0.046855381
1938.02;8,038.67;-0.011113284
1938.03;7,554.46;-0.060235089
1938.04;7,242.16;-0.041339818
1938.05;7,406.19;0.02264932
1938.06;7,622.64;0.029225553
1938.07;9,182.59;0.204646946
1938.08;9,278.03;0.010393582
1938.09;8,897.42;-0.041022717
1938.1;9,998.79;0.123785322
1938.11;10,042.17;0.004338525
1938.12;9,782.86;-0.025822108
1939.01;9,669.36;-0.011601924
1939.02;9,694.56;0.00260617
1939.03;9,720.62;0.002688105
1939.04;8,592.75;-0.116028607
1939.05;8,944.94;0.040986878
1939.06;9,139.43;0.021743019
1939.07;9,399.30;0.02843394
1939.08;9,299.63;-0.010603981
1939.09;10,108.69;0.08699916
1939.1;10,323.07;0.021207496
1939.11;10,179.03;-0.013953214
1939.12;9,979.52;-0.019600099
1940.01;10,036.64;0.005723722
1940.02;9,942.45;-0.009384615
1940.03;9,928.21;-0.001432243
1940.04;10,069.62;0.014243252
1940.05;8,726.69;-0.133364516
1940.06;7,963.89;-0.087410003
1940.07;8,331.58;0.046169648
1940.08;8,552.82;0.026554387
1940.09;8,960.20;0.047631074
1940.1;9,091.55;0.014659271
1940.11;9,350.69;0.028503391
1940.12;8,951.07;-0.042736953
1941.01;9,015.77;0.007228186
1941.02;8,499.94;-0.057214192
1941.03;8,539.65;0.004671798
1941.04;8,264.26;-0.032248394
1941.05;8,076.80;-0.022683217
1941.06;8,237.09;0.019845731
1941.07;8,707.84;0.057150037
1941.08;8,597.70;-0.012648372
1941.09;8,557.22;-0.004708236
1941.1;8,155.56;-0.046938141
1941.11;7,771.97;-0.047034171
1941.12;7,267.89;-0.064858717
1942.01;7,362.56;0.013025789
1942.02;7,134.13;-0.031025893
1942.03;6,709.00;-0.059591008
1942.04;6,436.39;-0.040633477
1942.05;6,475.67;0.0061028
1942.06;6,847.22;0.057376302
1942.07;7,102.76;0.037320256
1942.08;7,061.99;-0.005740022
1942.09;7,178.45;0.016491102
1942.1;7,656.97;0.06666063
1942.11;7,774.72;0.015378146
1942.12;7,809.65;0.004492766
1943.01;8,317.58;0.065038766
1943.02;8,852.71;0.064337223
1943.03;9,047.51;0.022004561
1943.04;9,282.17;0.025936418
1943.05;9,631.82;0.037668993
1943.06;9,841.77;0.021797542
1943.07;10,143.29;0.030636766
1943.08;9,739.09;-0.039849004
1943.09;9,930.56;0.019659948
1943.1;9,881.10;-0.004980585
1943.11;9,465.69;-0.042040866
1943.12;9,633.48;0.017726125
1944.01;9,986.85;0.036681448
1944.02;9,962.74;-0.002414175
1944.03;10,285.80;0.032426822
1944.04;10,093.44;-0.018701511
1944.05;10,316.04;0.022053928
1944.06;10,785.13;0.045471906
1944.07;11,048.19;0.02439099
1944.08;10,931.81;-0.010533852
1944.09;10,798.11;-0.012230363
1944.1;11,109.48;0.028835602
1944.11;11,077.93;-0.002839917
1944.12;11,302.11;0.020236633
1945.01;11,684.84;0.033863588
1945.02;12,121.30;0.037352672
1945.03;12,159.71;0.003168802
1945.04;12,512.51;0.02901385
1945.05;12,960.33;0.035789782
1945.06;13,097.47;0.010581521
1945.07;12,875.66;-0.016935332
1945.08;12,966.89;0.007085462
1945.09;13,898.09;0.071813673
1945.1;14,525.44;0.045139296
1945.11;15,049.24;0.03606087
1945.12;15,269.57;0.014640606
1946.01;15,926.48;0.043020858
1946.02;16,108.77;0.011445718
1946.03;15,506.56;-0.037383984
1946.04;16,466.27;0.061890581
1946.05;16,462.10;-0.000253245
1946.06;16,230.88;-0.014045596
1946.07;14,938.88;-0.079601352
1946.08;14,405.54;-0.035701472
1946.09;12,207.27;-0.152598931
1946.1;11,748.82;-0.037555489
1946.11;11,471.94;-0.023566622
1946.12;11,751.42;0.024362052
1947.01;11,859.72;0.009215908
1947.02;12,366.33;0.04271686
1947.03;11,694.80;-0.054303096
1947.04;11,309.95;-0.032907788
1947.05;11,156.74;-0.013546479
1947.06;11,542.31;0.034559378
1947.07;12,204.61;0.057380195
1947.08;11,854.80;-0.02866212
1947.09;11,346.42;-0.042883895
1947.1;11,690.90;0.030360237
1947.11;11,556.36;-0.011508096
1947.12;11,281.20;-0.023810266
1948.01;11,042.26;-0.021180371
1948.02;10,641.05;-0.036334048
1948.03;10,891.79;0.023563464
1948.04;11,585.53;0.063693846
1948.05;12,151.99;0.048893749
1948.06;12,603.95;0.037192262
1948.07;12,205.77;-0.031591684
1948.08;11,853.86;-0.028831446
1948.09;11,773.92;-0.006743795
1948.1;12,200.36;0.036219033
1948.11;11,674.99;-0.043061844
1948.12;11,706.18;0.002671523
1949.01;11,947.56;0.020619878
1949.02;11,648.15;-0.025060347
1949.03;11,822.97;0.015008392
1949.04;11,823.07;8.45811E-06
1949.05;11,851.93;0.00244099
1949.06;11,223.40;-0.053031869
1949.07;12,027.46;0.071641392
1949.08;12,476.87;0.037365329
1949.09;12,657.61;0.014486005
1949.1;13,167.75;0.040303027
1949.11;13,370.07;0.015364812
1949.12;13,922.77;0.041338602
1950.01;14,350.45;0.030718025
1950.02;14,713.18;0.025276559
1950.03;14,853.02;0.009504404
1950.04;15,356.68;0.033909602
1950.05;15,891.19;0.034806351
1950.06;16,167.68;0.017398949
1950.07;14,895.98;-0.078656925
1950.08;15,757.05;0.057805529
1950.09;16,340.29;0.037014543
1950.1;16,975.95;0.03890139
1950.11;16,974.12;-0.0001078
1950.12;16,806.37;-0.009882692
1951.01;17,868.29;0.063185566
1951.02;18,421.79;0.030976663
1951.03;18,147.42;-0.014893775
1951.04;18,497.93;0.019314591
1951.05;18,543.26;0.002450544
1951.06;18,331.87;-0.011399829
1951.07;18,764.77;0.023614612
1951.08;19,695.54;0.049601994
1951.09;20,156.54;0.023406314
1951.1;20,082.70;-0.003663327
1951.11;19,478.84;-0.030068666
1951.12;20,103.88;0.032088153
1952.01;20,874.86;0.038349811
1952.02;20,753.67;-0.005805548
1952.03;20,909.51;0.007509033
1952.04;20,873.32;-0.001730791
1952.05;20,970.03;0.004633187
1952.06;21,569.51;0.028587465
1952.07;22,128.71;0.025925485
1952.08;22,323.56;0.008805303
1952.09;22,076.06;-0.011086941
1952.1;21,719.46;-0.016153245
1952.11;22,515.01;0.036628443
1952.12;23,529.22;0.045045949
1953.01;23,851.23;0.013685537
1953.02;23,756.05;-0.00399057
1953.03;23,893.25;0.005775371
1953.04;22,824.79;-0.044718069
1953.05;22,967.58;0.006255917
1953.06;22,171.04;-0.034681059
1953.07;22,595.33;0.019137127
1953.08;22,713.68;0.005237808
1953.09;21,780.85;-0.041069083
1953.1;22,464.09;0.03136884
1953.11;23,159.03;0.030935595
1953.12;23,585.18;0.01840103
1954.01;24,298.90;0.030261376
1954.02;24,949.75;0.026785163
1954.03;25,594.59;0.02584555
1954.04;26,832.89;0.048381318
1954.05;27,914.88;0.040323275
1954.06;28,255.76;0.012211408
1954.07;29,515.75;0.044592324
1954.08;30,222.98;0.023961106
1954.09;31,167.44;0.031249731
1954.1;32,014.21;0.027168417
1954.11;33,393.45;0.043082119
1954.12;35,180.75;0.053522472
1955.01;35,944.21;0.021701072
1955.02;37,276.41;0.037062993
1955.03;37,114.30;-0.004348863
1955.04;38,527.97;0.038089631
1955.05;38,497.93;-0.000779693
1955.06;40,863.95;0.061458369
1955.07;43,824.93;0.072459466
1955.08;43,695.18;-0.002960644
1955.09;45,630.89;0.04430031
1955.1;43,475.47;-0.047235984
1955.11;46,548.09;0.070674797
1955.12;47,300.38;0.016161565
1956.01;46,173.56;-0.023822642
1956.02;46,614.56;0.00955092
1956.03;49,976.27;0.072117167
1956.04;50,530.80;0.011095866
1956.05;48,916.69;-0.031943092
1956.06;48,431.81;-0.009912363
1956.07;50,843.40;0.049793514
1956.08;50,885.51;0.000828229
1956.09;49,134.92;-0.034402524
1956.1;48,486.50;-0.013196724
1956.11;48,138.14;-0.00718468
1956.12;48,828.46;0.014340396
1957.01;47,918.68;-0.018632167
1957.02;45,837.59;-0.043429619
1957.03;46,412.55;0.012543417
1957.04;47,468.96;0.022761301
1957.05;49,267.18;0.037882018
1957.06;50,051.19;0.015913434
1957.07;50,852.38;0.016007412
1957.08;48,206.33;-0.052033946
1957.09;46,404.55;-0.037376419
1957.1;43,669.13;-0.058947237
1957.11;42,732.78;-0.02144192
1957.12;42,869.57;0.003201055
1958.01;43,560.52;0.016117493
1958.02;43,865.67;0.007005196
1958.03;44,614.18;0.017063686
1958.04;44,857.20;0.005447147
1958.05;46,451.97;0.035552152
1958.06;47,721.34;0.027326505
1958.07;49,017.14;0.027153471
1958.08;51,180.93;0.044143538
1958.09;52,687.56;0.029437331
1958.1;54,984.81;0.043601374
1958.11;56,618.43;0.029710387
1958.12;58,043.51;0.025169896
1959.01;60,305.02;0.038962323
1959.02;59,748.77;-0.009223942
1959.03;61,426.04;0.028072042
1959.04;62,400.20;0.015859072
1959.05;63,502.43;0.017663886
1959.06;62,901.15;-0.009468614
1959.07;65,336.43;0.038715985
1959.08;65,128.94;-0.003175717
1959.09;62,503.61;-0.04030973
1959.1;62,401.72;-0.001630146
1959.11;62,819.86;0.006700777
1959.12;64,996.00;0.034640956
1960.01;64,252.21;-0.011443627
1960.02;61,725.91;-0.039318492
1960.03;61,063.79;-0.010726776
1960.04;61,821.24;0.012404242
1960.05;61,435.45;-0.006240412
1960.06;63,670.03;0.036372811
1960.07;62,271.76;-0.021961196
1960.08;63,200.15;0.014908684
1960.09;61,480.62;-0.027207689
1960.1;60,045.75;-0.023338574
1960.11;62,171.88;0.035408501
1960.12;63,844.70;0.026906376
1961.01;67,309.20;0.054264489
1961.02;70,253.07;0.043736517
1961.03;72,639.29;0.03396606
1961.04;74,759.63;0.029189988
1961.05;75,704.11;0.012633556
1961.06;74,886.35;-0.010802056
1961.07;74,366.96;-0.00693571
1961.08;77,480.79;0.041871148
1961.09;76,804.83;-0.008724227
1961.1;77,838.26;0.013455274
1961.11;81,554.65;0.047745029
1961.12;82,505.05;0.011653535
1962.01;79,628.63;-0.034863563
1962.02;80,880.18;0.015717337
1962.03;81,156.61;0.003417772
1962.04;78,506.42;-0.032655258
1962.05;72,866.32;-0.071842532
1962.06;64,550.91;-0.114118704
1962.07;66,086.81;0.023793623
1962.08;68,085.28;0.030240074
1962.09;67,459.31;-0.009193911
1962.1;65,534.07;-0.028539278
1962.11;70,254.70;0.072033219
1962.12;73,504.74;0.04626082
1963.01;76,553.43;0.041476101
1963.02;77,775.52;0.015963883
1963.03;77,437.22;-0.004349698
1963.04;81,293.81;0.049802795
1963.05;83,140.48;0.022715998
1963.06;83,049.93;-0.00108912
1963.07;81,768.27;-0.015432403
1963.08;84,247.11;0.030315427
1963.09;86,685.23;0.028940103
1963.1;86,838.01;0.001762469
1963.11;86,574.10;-0.003039107
1963.12;88,361.56;0.020646591
1964.01;91,305.82;0.033320598
1964.02;92,658.72;0.014817237
1964.03;94,579.38;0.020728324
1964.04;96,182.38;0.016948726
1964.05;97,357.82;0.012220949
1964.06;96,705.13;-0.006704033
1964.07;100,214.39;0.036288251
1964.08;99,307.42;-0.009050297
1964.09;100,935.67;0.016396056
1964.1;102,926.31;0.019721868
1964.11;103,559.71;0.006153917
1964.12;102,018.36;-0.014883684
1965.01;104,897.77;0.028224429
1965.02;105,922.27;0.009766652
1965.03;105,939.87;0.00016616
1965.04;107,249.41;0.012361163
1965.05;109,109.65;0.017344991
1965.06;103,534.27;-0.051098872
1965.07;103,642.49;0.001045258
1965.08;105,839.94;0.021202212
1965.09;109,647.76;0.035977156
1965.1;112,032.99;0.021753568
1965.11;113,240.48;0.010777986
1965.12;112,647.54;-0.005236113
1966.01;114,880.52;0.019822714
1966.02;113,673.18;-0.010509528
1966.03;108,944.33;-0.041600402
1966.04;111,867.03;0.026827463
1966.05;106,266.90;-0.050060594
1966.06;105,347.85;-0.008648507
1966.07;105,045.06;-0.002874192
1966.08;98,381.15;-0.063438585
1966.09;95,210.55;-0.032227718
1966.1;94,096.98;-0.011695868
1966.11;99,098.55;0.053153353
1966.12;99,807.22;0.007151164
1967.01;103,930.57;0.041313143
1967.02;107,808.22;0.037310004
1967.03;110,313.34;0.023236818
1967.04;112,171.38;0.016843294
1967.05;114,134.70;0.01750286
1967.06;112,663.33;-0.012891522
1967.07;114,564.70;0.016876565
1967.08;116,338.40;0.015482081
1967.09;117,911.24;0.013519526
1967.1;117,675.88;-0.001996078
1967.11;113,946.66;-0.031690606
1967.12;117,145.79;0.02807568
1968.01;116,439.37;-0.006030264
1968.02;111,157.61;-0.045360603
1968.03;109,106.41;-0.018453078
1968.04;117,125.73;0.07349999
1968.05;119,774.62;0.022615782
1968.06;122,587.54;0.023485109
1968.07;121,946.00;-0.005233321
1968.08;119,247.33;-0.022130041
1968.09;123,079.85;0.032139252
1968.1;125,709.20;0.021362961
1968.11;127,593.95;0.014992936
1968.12;128,871.23;0.010010506
1969.01;123,388.98;-0.042540527
1969.02;122,407.94;-0.007950791
1969.03;119,068.53;-0.027280992
1969.04;121,106.50;0.017115942
1969.05;125,018.16;0.03229934
1969.06;118,154.90;-0.054898104
1969.07;112,571.61;-0.047253986
1969.08;111,646.23;-0.008220367
1969.09;112,045.78;0.003578715
1969.1;112,945.85;0.008033056
1969.11;113,464.38;0.004590961
1969.12;107,188.63;-0.05531031
1970.01;106,275.68;-0.008517228
1970.02;102,337.87;-0.037052786
1970.03;103,850.92;0.014784849
1970.04;100,210.74;-0.035051976
1970.05;88,757.91;-0.114287451
1970.06;88,062.40;-0.007836034
1970.07;88,068.94;7.42655E-05
1970.08;90,936.59;0.032561423
1970.09;96,192.00;0.057792028
1970.1;98,084.65;0.019675753
1970.11;97,789.45;-0.003009645
1970.12;104,261.37;0.06618219
1971.01;108,546.26;0.04109758
1971.02;112,767.78;0.038891437
1971.03;115,670.32;0.02573909
1971.04;119,620.51;0.03415042
1971.05;117,707.87;-0.015989231
1971.06;114,973.22;-0.023232516
1971.07;114,159.44;-0.007077996
1971.08;112,151.63;-0.01758777
1971.09;114,939.85;0.024861163
1971.1;112,521.31;-0.021041788
1971.11;107,601.77;-0.043720963
1971.12;114,748.17;0.066415264
1972.01;119,822.96;0.044225455
1972.02;121,731.25;0.015925913
1972.03;124,618.40;0.02371741
1972.04;125,883.15;0.010148983
1972.05;124,606.18;-0.01014409
1972.06;124,948.91;0.002750506
1972.07;123,726.26;-0.009785199
1972.08;128,102.26;0.035368401
1972.09;126,251.35;-0.014448691
1972.1;126,181.17;-0.000555875
1972.11;132,499.99;0.050077361
1972.12;135,246.01;0.020724681
1973.01;136,264.10;0.00752769
1973.02;130,812.58;-0.040007016
1973.03;127,861.15;-0.02256228
1973.04;124,908.95;-0.023089109
1973.05;120,868.99;-0.032343239
1973.06;117,661.46;-0.026537245
1973.07;118,818.18;0.009830917
1973.08;114,803.36;-0.03378961
1973.09;116,836.50;0.01770976
1973.1;120,719.96;0.033238414
1973.11;111,715.58;-0.074588991
1973.12;103,440.28;-0.074074717
1974.01;104,298.02;0.008292128
1974.02;100,427.62;-0.037109046
1974.03;103,705.33;0.032637535
1974.04;98,300.69;-0.052115354
1974.05;94,461.99;-0.039050591
1974.06;94,121.00;-0.003609812
1974.07;82,768.19;-0.120619309
1974.08;78,698.92;-0.049164661
1974.09;69,981.15;-0.110773693
1974.1;70,943.81;0.01375599
1974.11;73,028.18;0.029380576
1974.12;68,051.16;-0.068152048
1975.01;73,644.04;0.082186402
1975.02;80,983.37;0.099659524
1975.03;84,690.53;0.045776806
1975.04;85,626.07;0.011046572
1975.05;90,859.68;0.061121689
1975.06;92,793.15;0.021279736
1975.07;92,162.35;-0.006797916
1975.08;85,556.59;-0.071675256
1975.09;84,360.98;-0.013974493
1975.1;88,070.05;0.043966654
1975.11;89,217.32;0.013026789
1975.12;87,846.34;-0.015366747
1976.01;96,058.72;0.093485739
1976.02;99,713.78;0.038050268
1976.03;100,334.35;0.006223513
1976.04;101,073.77;0.00736956
1976.05;99,975.47;-0.010866321
1976.06;100,344.95;0.003695707
1976.07;102,480.70;0.021284081
1976.08;101,376.00;-0.010779591
1976.09;103,489.29;0.020846058
1976.1;99,758.50;-0.036050011
1976.11;99,226.80;-0.005329872
1976.12;102,635.56;0.034353219
1977.01;101,564.44;-0.010436149
1977.02;98,155.86;-0.033560762
1977.03;97,446.92;-0.007222595
1977.04;95,485.89;-0.020124084
1977.05;95,076.65;-0.004285869
1977.06;95,304.46;0.002396067
1977.07;96,055.68;0.007882317
1977.08;93,755.38;-0.023947569
1977.09;92,355.36;-0.01493269
1977.1;90,036.77;-0.025105094
1977.11;90,484.02;0.004967415
1977.12;90,124.85;-0.00396943
1978.01;86,515.49;-0.040048444
1978.02;85,133.18;-0.015977601
1978.03;84,689.60;-0.005210424
1978.04;88,088.31;0.040131374
1978.05;92,075.32;0.045261511
1978.06;91,703.16;-0.004041908
1978.07;90,951.42;-0.008197536
1978.08;97,175.61;0.068434226
1978.09;96,833.28;-0.003522798
1978.1;93,307.04;-0.036415579
1978.11;87,841.88;-0.058571786
1978.12;89,135.47;0.014726347
1979.01;92,053.58;0.032737921
1979.02;90,029.43;-0.021988824
1979.03;91,216.43;0.013184578
1979.04;92,378.57;0.012740468
1979.05;89,492.50;-0.03124177
1979.06;90,645.39;0.012882532
1979.07;90,931.37;0.003154932
1979.08;94,589.37;0.040228141
1979.09;95,020.60;0.004558969
1979.1;91,105.67;-0.041200855
1979.11;89,977.74;-0.012380459
1979.12;92,963.88;0.033187542
1980.01;94,688.88;0.018555594
1980.02;97,476.61;0.029440944
1980.03;87,591.62;-0.101408841
1980.04;85,615.04;-0.022565857
1980.05;89,050.46;0.040126361
1980.06;94,129.27;0.057032945
1980.07;98,809.95;0.049726084
1980.08;101,539.23;0.02762151
1980.09;103,551.47;0.019817365
1980.1;105,986.97;0.023519705
1980.11;109,972.19;0.037601037
1980.12;107,598.53;-0.021584184
1981.01;106,746.12;-0.007922134
1981.02;102,412.07;-0.040601476
1981.03;105,934.87;0.034398289
1981.04;106,585.26;0.006139527
1981.05;104,046.49;-0.023819147
1981.06;104,014.56;-0.000306882
1981.07;100,807.54;-0.030832414
1981.08;100,848.73;0.0004086
1981.09;91,585.35;-0.091854206
1981.1;92,970.12;0.015119995
1981.11;95,495.52;0.027163566
1981.12;96,315.76;0.008589303
1982.01;91,398.88;-0.051049589
1982.02;89,367.25;-0.022228172
1982.03;87,008.45;-0.026394457
1982.04;91,382.38;0.050270175
1982.05;91,041.49;-0.003730369
1982.06;85,178.05;-0.064404043
1982.07;84,948.73;-0.002692243
1982.08;85,448.79;0.005886609
1982.09;95,590.18;0.118683834
1982.1;103,762.40;0.085492255
1982.11;108,653.34;0.047135957
1982.12;110,577.91;0.017712939
1983.01;114,684.80;0.037140239
1983.02;117,008.85;0.020264673
1983.03;121,532.84;0.038663657
1983.04;125,735.69;0.034582011
1983.05;130,504.76;0.037929326
1983.06;132,393.45;0.014472192
1983.07;132,798.43;0.003058913
1983.08;129,215.02;-0.026983828
1983.09;132,835.47;0.028018802
1983.1;133,301.01;0.003504636
1983.11;131,521.03;-0.013353087
1983.12;131,224.84;-0.002252035
1984.01;132,509.99;0.009793496
1984.02;125,123.88;-0.055740024
1984.03;125,434.38;0.002481541
1984.04;125,462.04;0.000220514
1984.05;124,784.94;-0.005396852
1984.06;122,127.07;-0.021299606
1984.07;120,554.15;-0.012879372
1984.08;131,150.65;0.08789826
1984.09;132,364.13;0.009252566
1984.1;131,446.02;-0.006936245
1984.11;133,139.61;0.0128843
1984.12;132,200.91;-0.007050494
1985.01;138,151.64;0.045012776
1985.02;145,460.50;0.05290462
1985.03;144,223.40;-0.008504714
1985.04;145,021.57;0.005534261
1985.05;148,435.19;0.023538705
1985.06;151,739.89;0.022263589
1985.07;154,864.19;0.02058984
1985.08;151,727.21;-0.020256329
1985.09;148,457.02;-0.021553089
1985.1;150,124.15;0.011229715
1985.11;159,324.52;0.061285076
1985.12;167,300.87;0.050063543
1986.01;168,099.82;0.004775528
1986.02;178,167.25;0.059889594
1986.03;190,055.05;0.0667227
1986.04;195,626.70;0.02931598
1986.05;196,049.10;0.002159214
1986.06;201,085.71;0.025690554
1986.07;197,461.26;-0.018024404
1986.08;201,599.81;0.020958795
1986.09;195,758.77;-0.02897344
1986.1;195,406.66;-0.001798693
1986.11;202,128.16;0.034397497
1986.12;205,397.51;0.016174639
1987.01;217,726.56;0.060025314
1987.02;230,966.34;0.060809209
1987.03;240,000.47;0.039114487
1987.04;236,682.38;-0.013825348
1987.05;236,256.99;-0.001797303
1987.06;246,018.87;0.041318904
1987.07;253,034.18;0.028515333
1987.08;267,955.44;0.058969346
1987.09;258,482.74;-0.035351773
1987.1;227,253.03;-0.120819324
1987.11;199,123.83;-0.123779208
1987.12;196,469.52;-0.013329946
1988.01;204,284.78;0.039778486
1988.02;210,541.79;0.03062886
1988.03;216,416.97;0.027905054
1988.04;213,406.70;-0.013909584
1988.05;208,032.50;-0.025182902
1988.06;219,582.63;0.055520796
1988.07;217,990.18;-0.007252167
1988.08;213,349.02;-0.021290684
1988.09;216,013.59;0.012489254
1988.1;223,485.45;0.034589768
1988.11;218,794.51;-0.020989912
1988.12;223,519.37;0.021594966
1989.01;230,228.74;0.030016951
1989.02;236,853.62;0.028775209
1989.03;235,124.82;-0.007299023
1989.04;241,929.15;0.028939225
1989.05;250,468.11;0.035295292
1989.06;258,351.24;0.031473588
1989.07;264,948.58;0.02553632
1989.08;276,939.64;0.045258065
1989.09;277,323.12;0.001384706
1989.1;276,792.81;-0.001912246
1989.11;271,133.82;-0.020444859
1989.12;278,121.23;0.025771075
1990.01;269,201.38;-0.032071806
1990.02;261,174.09;-0.029818904
1990.03;266,791.42;0.021507991
1990.04;266,907.18;0.000433897
1990.05;276,549.61;0.036126529
1990.06;283,785.60;0.026165251
1990.07;283,181.63;-0.002128262
1990.08;258,544.54;-0.087001018
1990.09;245,273.85;-0.051328448
1990.1;238,164.33;-0.02898605
1990.11;244,726.37;0.027552573
1990.12;255,955.96;0.04588631
1991.01;252,692.44;-0.012750318
1991.02;281,603.88;0.114413553
1991.03;289,747.54;0.028918849
1991.04;295,855.43;0.021080041
1991.05;294,455.69;-0.004731162
1991.06;294,609.08;0.000520927
1991.07;296,475.28;0.006334496
1991.08;303,529.05;0.023792102
1991.09;301,288.49;-0.007381699
1991.1;301,394.69;0.000352486
1991.11;300,565.56;-0.002750977
1991.12;303,154.54;0.008613695
1992.01;324,991.98;0.072034019
1992.02;321,876.51;-0.009586298
1992.03;317,019.40;-0.01508998
1992.04;317,401.58;0.001205541
1992.05;323,502.75;0.019222242
1992.06;318,064.62;-0.016810151
1992.07;323,455.82;0.016950015
1992.08;325,576.48;0.006556259
1992.09;325,884.78;0.000946936
1992.1;320,896.26;-0.015307619
1992.11;329,278.42;0.02612109
1992.12;340,289.85;0.033441092
1993.01;339,104.79;-0.003482502
1993.02;343,748.68;0.013694557
1993.03;349,919.32;0.017951022
1993.04;344,266.20;-0.016155496
1993.05;346,281.10;0.005852738
1993.06;348,794.16;0.007257283
1993.07;349,006.94;0.000610045
1993.08;354,176.97;0.014813545
1993.09;358,233.77;0.011454161
1993.1;361,190.45;0.008253493
1993.11;360,971.24;-0.00060691
1993.12;364,175.01;0.008875416
1994.01;369,485.79;0.014583043
1994.02;367,950.53;-0.004155126
1994.03;361,482.35;-0.017578939
1994.04;348,914.53;-0.034767451
1994.05;352,370.66;0.009905377
1994.06;355,074.43;0.007673085
1994.07;352,281.87;-0.007864717
1994.08;361,679.11;0.026675344
1994.09;363,660.74;0.005478973
1994.1;361,809.94;-0.005089359
1994.11;359,995.49;-0.005014926
1994.12;356,307.76;-0.010243823
1995.01;363,584.89;0.02042372
1995.02;375,969.66;0.034062939
1995.03;384,313.54;0.022192961
1995.04;395,370.40;0.028770415
1995.05;407,805.15;0.031450888
1995.06;419,942.63;0.029762939
1995.07;434,845.21;0.035487181
1995.08;435,937.61;0.002512158
1995.09;451,263.45;0.03515604
1995.1;453,904.67;0.005852945
1995.11;464,916.51;0.024260248
1995.12;480,990.87;0.034574724
1996.01;478,971.30;-0.00419877
1996.02;505,621.00;0.055639451
1996.03;502,020.19;-0.007121559
1996.04;501,082.09;-0.00186865
1996.05;511,902.81;0.021594705
1996.06;518,120.77;0.012146759
1996.07;499,160.73;-0.036593862
1996.08;513,540.79;0.028808476
1996.09;522,281.70;0.017020868
1996.1;542,084.61;0.037916148
1996.11;568,399.12;0.048543179
1996.12;575,214.99;0.011991345
1997.01;592,089.67;0.029336301
1997.02;615,979.29;0.040347976
1997.03;610,610.59;-0.008715715
1997.04;589,083.58;-0.035254891
1997.05;643,788.32;0.09286414
1997.06;677,302.22;0.052057328
1997.07;715,263.01;0.056047048
1997.08;716,415.17;0.00161082
1997.09;723,159.64;0.009414192
1997.1;733,242.52;0.013942814
1997.11;725,247.68;-0.010903405
1997.12;745,281.78;0.027623804
1998.01;745,665.12;0.000514356
1998.02;791,936.83;0.062054277
1998.03;832,471.44;0.051184146
1998.04;859,240.57;0.032156214
1998.05;855,760.86;-0.004049751
1998.06;855,712.64;-5.63475E-05
1998.07;892,851.79;0.043401427
1998.08;829,598.65;-0.070843942
1998.09;788,000.32;-0.050142717
1998.1;796,227.22;0.010440224
1998.11;883,609.32;0.109745181
1998.12;920,435.89;0.041677435
1999.01;964,548.00;0.047925239
1999.02;962,737.98;-0.001876547
1999.03;987,886.39;0.02612176
1999.04;1,022,435.89;0.034973151
1999.05;1,021,425.39;-0.000988326
1999.06;1,015,176.65;-0.006117667
1999.07;1,057,908.28;0.042092802
1999.08;1,015,545.97;-0.040043462
1999.09;1,004,666.97;-0.010712464
1999.1;990,114.82;-0.014484551
1999.11;1,059,842.83;0.070424166
1999.12;1,089,612.02;0.028088306
2000.01;1,085,093.91;-0.004146531
2000.02;1,051,973.85;-0.030522759
2000.03;1,084,491.50;0.030911082
2000.04;1,099,298.50;0.013653403
2000.05;1,066,844.84;-0.029522154
2000.06;1,094,847.46;0.026248072
2000.07;1,101,594.23;0.006162292
2000.08;1,111,938.76;0.009390509
2000.09;1,094,227.33;-0.015928422
2000.1;1,035,381.92;-0.053778048
2000.11;1,026,791.17;-0.00829718
2000.12;993,269.81;-0.032646716
2001.01;991,514.84;-0.001766861
2001.02;966,463.70;-0.025265522
2001.03;876,708.78;-0.092869417
2001.04;877,152.05;0.000505607
2001.05;933,267.98;0.063975145
2001.06;909,434.40;-0.025537767
2001.07;887,736.04;-0.023859181
2001.08;869,575.41;-0.020457241
2001.09;768,309.66;-0.116454247
2001.1;795,449.66;0.035324299
2001.11;837,058.05;0.052308012
2001.12;852,694.37;0.01868009
2002.01;848,235.61;-0.005229025
2002.02;816,568.47;-0.037332953
2002.03;852,157.01;0.043583045
2002.04;817,641.95;-0.04050317
2002.05;794,587.74;-0.028195973
2002.06;747,131.33;-0.059724569
2002.07;666,005.88;-0.108582583
2002.08;671,348.80;0.008022332
2002.09;638,343.15;-0.049163192
2002.1;628,580.39;-0.015293906
2002.11;670,232.99;0.066264555
2002.12;664,767.86;-0.008154075
2003.01;660,371.33;-0.006613632
2003.02;613,287.28;-0.071299355
2003.03;617,601.18;0.007034061
2003.04;651,660.81;0.055148259
2003.05;687,399.37;0.054842273
2003.06;725,817.80;0.055889533
2003.07;729,357.45;0.004876775
2003.08;725,391.78;-0.005437211
2003.09;745,906.88;0.028281407
2003.1;761,871.61;0.021403114
2003.11;773,200.76;0.014870156
2003.12;797,771.32;0.031777724
2004.01;833,085.70;0.044266294
2004.02;837,628.57;0.005453064
2004.03;819,251.04;-0.021939951
2004.04;824,554.28;0.006473278
2004.05;798,748.81;-0.031296266
2004.06;818,987.55;0.025338053
2004.07;801,931.68;-0.020825555
2004.08;790,398.28;-0.014382023
2004.09;810,692.16;0.025675511
2004.1;807,278.47;-0.004210834
2004.11;845,379.88;0.047197357
2004.12;871,637.28;0.031059883
2005.01;858,089.26;-0.015543186
2005.02;867,527.36;0.010998972
2005.03;858,611.04;-0.010277855
2005.04;832,344.01;-0.030592467
2005.05;844,344.72;0.014417969
2005.06;862,327.67;0.021298114
2005.07;873,883.84;0.013401136
2005.08;872,140.40;-0.001995048
2005.09;864,031.95;-0.009297184
2005.1;839,683.03;-0.028180578
2005.11;880,030.62;0.048050977
2005.12;902,568.57;0.025610416
2006.01;908,890.78;0.007004687
2006.02;906,921.21;-0.002167004
2006.03;915,343.04;0.009286176
2006.04;914,879.22;-0.000506717
2006.05;903,212.89;-0.012751771
2006.06;877,054.20;-0.028961821
2006.07;880,777.61;0.004245359
2006.08;899,208.24;0.020925407
2006.09;926,525.59;0.030379337
2006.1;965,276.32;0.041823702
2006.11;986,078.98;0.02155099
2006.12;1,005,780.51;0.019979667
2007.01;1,009,678.78;0.003875866
2007.02;1,020,346.53;0.010565489
2007.03;986,136.77;-0.03352759
2007.04;1,020,742.18;0.035091897
2007.05;1,048,966.47;0.027650753
2007.06;1,050,561.52;0.001520592
2007.07;1,056,882.71;0.006016963
2007.08;1,014,357.80;-0.040236168
2007.09;1,042,688.84;0.027930026
2007.1;1,071,604.40;0.027731725
2007.11;1,014,090.96;-0.053670403
2007.12;1,027,351.29;0.013076076
2008.01;954,451.33;-0.070959136
2008.02;936,814.39;-0.018478616
2008.03;904,379.28;-0.034622771
2008.04;937,083.97;0.036162582
2008.05;953,079.73;0.017069719
2008.06;903,509.49;-0.052010591
2008.07;844,159.85;-0.065687899
2008.08;865,433.18;0.025200594
2008.09;824,624.09;-0.047154524
2008.1;664,809.73;-0.193802682
2008.11;619,456.15;-0.068220391
2008.12;623,722.38;0.006887057
2009.01;614,193.61;-0.015277262
2009.02;570,169.56;-0.071677805
2009.03;536,414.87;-0.059201144
2009.04;600,977.45;0.120359415
2009.05;639,122.33;0.0634714
2009.06;651,825.89;0.01987657
2009.07;661,169.20;0.014334058
2009.08;713,228.23;0.078737833
2009.09;738,768.27;0.035809071
2009.1;755,764.52;0.023006199
2009.11;771,017.70;0.02018245
2009.12;789,540.66;0.02402404
2010.01;797,518.90;0.010104913
2010.02;774,200.04;-0.029239257
2010.03;816,846.75;0.055084872
2010.04;848,767.42;0.039077918
2010.05;798,223.53;-0.059549753
2010.06;770,693.13;-0.034489587
2010.07;769,310.93;-0.001793451
2010.08;774,891.06;0.007253413
2010.09;800,554.26;0.033118462
2010.1;836,165.46;0.044483181
2010.11;856,640.82;0.024487211
2010.12;886,937.59;0.035366946
2011.01;913,308.68;0.029732746
2011.02;937,476.60;0.026461941
2011.03;918,108.79;-0.020659513
2011.04;932,512.77;0.015688751
2011.05;934,282.88;0.001898215
2011.06;901,046.47;-0.035574247
2011.07;928,188.46;0.030122742
2011.08;829,380.11;-0.106452896
2011.09;821,603.03;-0.009376979
2011.1;848,180.28;0.032348043
2011.11;863,921.83;0.018559203
2011.12;879,547.54;0.018086949
2012.01;917,592.90;0.043255604
2012.02;951,616.79;0.037079504
2012.03;971,698.23;0.021102444
2012.04;968,420.17;-0.003373537
2012.05;939,608.19;-0.029751528
2012.06;930,162.91;-0.01005236
2012.07;958,921.40;0.030917692
2012.08;985,944.73;0.028180965
2012.09;1,011,244.16;0.025660089
2012.1;1,009,473.31;-0.00175116
2012.11;985,531.47;-0.02371716
2012.12;1,009,723.89;0.024547588
2013.01;1,049,739.16;0.039629913
2013.02;1,065,520.10;0.015033201
2013.03;1,091,690.99;0.024561611
2013.04;1,108,737.27;0.015614565
2013.05;1,157,415.98;0.043904639
2013.06;1,141,761.52;-0.013525353
2013.07;1,178,477.71;0.032157495
2013.08;1,180,056.34;0.00133955
2013.09;1,192,763.12;0.010767944
2013.1;1,221,176.93;0.023821838
2013.11;1,270,921.69;0.040735096
2013.12;1,290,383.22;0.015312926
2014.01;1,298,067.11;0.005954735
2014.02;1,291,627.37;-0.004961022
2014.03;1,318,323.37;0.0206685
2014.04;1,316,664.62;-0.001258227
2014.05;1,332,206.07;0.011803651
2014.06;1,372,254.81;0.030061971
2014.07;1,393,346.71;0.01537025
2014.08;1,389,741.16;-0.00258769
2014.09;1,413,409.38;0.017030668
2014.1;1,379,486.69;-0.024000612
2014.11;1,466,130.44;0.062808689
2014.12;1,483,856.60;0.012090439
2015.01;1,474,350.74;-0.006406185
2015.02;1,509,508.31;0.023846137
2015.03;1,501,435.49;-0.00534798
2015.04;1,511,570.06;0.00674992
2015.05;1,518,644.63;0.004680279
2015.06;1,506,771.49;-0.007818248
2015.07;1,505,486.06;-0.000853102
2015.08;1,471,085.93;-0.02284985
2015.09;1,406,988.45;-0.04357154
2015.1;1,468,407.82;0.043653073
2015.11;1,514,683.18;0.03151397
2015.12;1,503,130.82;-0.007626915
2016.01;1,404,323.98;-0.065734026
2016.02;1,395,462.86;-0.006309883
2016.03;1,477,898.50;0.059074048
2016.04;1,512,582.18;0.023468242
2016.05;1,501,913.72;-0.007053144
2016.06;1,512,974.03;0.007364145
2016.07;1,565,407.97;0.034656206
2016.08;1,582,739.13;0.011071338
2016.09;1,572,028.50;-0.006767148
2016.1;1,562,140.30;-0.00629009
2016.11;1,583,380.57;0.013596903
2016.12;1,645,335.25;0.039128104
2017.01;1,659,332.85;0.008507446
2017.02;1,696,760.23;0.02255568
2017.03;1,725,052.56;0.016674324
2017.04;1,717,320.14;-0.004482426
2017.05;1,744,909.18;0.01606517
2017.06;1,774,313.74;0.016851628
2017.07;1,793,098.23;0.010586904
2017.08;1,792,194.27;-0.000504133
2017.09;1,812,247.53;0.011189222
2017.1;1,863,001.70;0.028006202
2017.11;1,892,584.74;0.015879234
2017.12;1,948,317.85;0.029448145
2018.01;2,031,995.03;0.042948423
2018.02;1,964,451.17;-0.03324017
2018.03;1,961,306.60;-0.001600737
2018.04;1,921,054.60;-0.020523053
2018.05;1,950,645.75;0.015403597
2018.06;1,988,712.40;0.019514897
2018.07;2,020,039.61;0.015752509
2018.08;2,068,424.86;0.023952624
2018.09;2,100,755.19;0.015630411
2018.1;2,016,363.33;-0.040172154
2018.11;1,981,165.41;-0.01745614
2018.12;1,876,986.36;-0.052584731
2019.01;1,905,954.30;0.015433218
2019.02;2,008,584.29;0.053847036
2019.03;2,036,248.85;0.013773164
2019.04;2,100,961.21;0.031780182
2019.05;2,064,407.16;-0.017398727
2019.06;2,093,012.93;0.013856651
2019.07;2,169,517.58;0.036552402
2019.08;2,101,645.39;-0.031284462
2019.09;2,164,812.93;0.030056231
2019.1;2,160,107.30;-0.002173689
2019.11;2,257,110.72;0.04490676
2019.12;2,314,972.69;0.025635415
2020.01;2,383,221.66;0.029481544
2020.02;2,379,636.42;-0.001504367
2020.03;1,933,699.37;-0.187397136
2020.04;2,030,790.18;0.050209878
2020.05;2,150,310.31;0.058854002
2020.06;2,277,796.18;0.059287197
2020.07;2,345,103.26;0.029549211
2020.08;2,475,489.44;0.055599334
2020.09;2,456,529.91;-0.007658902
2020.1;2,497,881.60;0.016833375
2020.11;2,598,225.71;0.040171684
2020.12;2,706,352.62;0.041615672
2021.01;2,770,206.30;0.023593999
2021.02;2,823,755.37;0.019330355
2021.03;2,826,911.68;0.00111777
2021.04;2,972,706.03;0.051573719
2021.05;2,971,487.37;-0.00040995
2021.06;2,997,440.23;0.008733963
2021.07;3,074,644.38;0.025756694
2021.08;3,135,380.12;0.019753745
2021.09;3,124,272.49;-0.003542674
2021.1;3,112,562.47;-0.003748079
2021.11;3,244,326.98;0.042333129
2021.12;3,242,995.44;-0.000410421
2022.01;3,149,975.31;-0.028683398
2022.02;3,030,891.07;-0.037804817
2022.03;2,964,290.32;-0.021973983
2022.04;2,951,359.52;-0.004362191
2022.05;2,689,398.56;-0.08875942
2022.06;2,563,606.39;-0.046773346
2022.07;2,575,847.06;0.004774785
2022.08;2,742,917.90;0.064860543
2022.09;2,537,870.06;-0.074755369
2022.1;2,449,512.94;-0.034815463
2022.11;2,581,608.75;0.053927378
2022.12;2,589,868.98;0.003199644
2023.01;2,604,715.47;0.005732526
2023.02;2,671,794.44;0.025752897
2023.03;2,595,536.54;-0.028541829
2023.04;2,678,188.11;0.031843732
