DATE,NFCI,STLFSI4
1971-01-08,0.66000,.
1971-01-15,0.69000,.
1971-01-22,0.74000,.
1971-01-29,0.78000,.
1971-02-05,0.83000,.
1971-02-12,0.87000,.
1971-02-19,0.91000,.
1971-02-26,0.95000,.
1971-03-05,0.98000,.
1971-03-12,1.01000,.
1971-03-19,1.05000,.
1971-03-26,1.10000,.
1971-04-02,1.15000,.
1971-04-09,1.22000,.
1971-04-16,1.30000,.
1971-04-23,1.37000,.
1971-04-30,1.44000,.
1971-05-07,1.49000,.
1971-05-14,1.51000,.
1971-05-21,1.50000,.
1971-05-28,1.44000,.
1971-06-04,1.34000,.
1971-06-11,1.22000,.
1971-06-18,1.10000,.
1971-06-25,0.98000,.
1971-07-02,0.90000,.
1971-07-09,0.87000,.
1971-07-16,0.90000,.
1971-07-23,1.01000,.
1971-07-30,1.18000,.
1971-08-06,1.40000,.
1971-08-13,1.65000,.
1971-08-20,1.88000,.
1971-08-27,2.09000,.
1971-09-03,2.23000,.
1971-09-10,2.30000,.
1971-09-17,2.31000,.
1971-09-24,2.24000,.
1971-10-01,2.13000,.
1971-10-08,1.98000,.
1971-10-15,1.82000,.
1971-10-22,1.67000,.
1971-10-29,1.55000,.
1971-11-05,1.46000,.
1971-11-12,1.40000,.
1971-11-19,1.37000,.
1971-11-26,1.37000,.
1971-12-03,1.38000,.
1971-12-10,1.39000,.
1971-12-17,1.39000,.
1971-12-24,1.38000,.
1971-12-31,1.33000,.
1972-01-07,1.26000,.
1972-01-14,1.17000,.
1972-01-21,1.06000,.
1972-01-28,0.95000,.
1972-02-04,0.83000,.
1972-02-11,0.73000,.
1972-02-18,0.64000,.
1972-02-25,0.57000,.
1972-03-03,0.51000,.
1972-03-10,0.47000,.
1972-03-17,0.43000,.
1972-03-24,0.41000,.
1972-03-31,0.38000,.
1972-04-07,0.35000,.
1972-04-14,0.31000,.
1972-04-21,0.26000,.
1972-04-28,0.21000,.
1972-05-05,0.16000,.
1972-05-12,0.12000,.
1972-05-19,0.08000,.
1972-05-26,0.06000,.
1972-06-02,0.06000,.
1972-06-09,0.08000,.
1972-06-16,0.11000,.
1972-06-23,0.16000,.
1972-06-30,0.22000,.
1972-07-07,0.27000,.
1972-07-14,0.30000,.
1972-07-21,0.32000,.
1972-07-28,0.32000,.
1972-08-04,0.29000,.
1972-08-11,0.24000,.
1972-08-18,0.17000,.
1972-08-25,0.09000,.
1972-09-01,0.01000,.
1972-09-08,-0.06000,.
1972-09-15,-0.11000,.
1972-09-22,-0.16000,.
1972-09-29,-0.18000,.
1972-10-06,-0.19000,.
1972-10-13,-0.19000,.
1972-10-20,-0.19000,.
1972-10-27,-0.20000,.
1972-11-03,-0.21000,.
1972-11-10,-0.22000,.
1972-11-17,-0.24000,.
1972-11-24,-0.27000,.
1972-12-01,-0.30000,.
1972-12-08,-0.33000,.
1972-12-15,-0.34000,.
1972-12-22,-0.33000,.
1972-12-29,-0.31000,.
1973-01-05,-0.25000,.
1973-01-12,-0.16000,.
1973-01-19,-0.04000,.
1973-01-26,0.11000,.
1973-02-02,0.28000,.
1973-02-09,0.46000,.
1973-02-16,0.63000,.
1973-02-23,0.80000,.
1973-03-02,0.93000,.
1973-03-09,1.03000,.
1973-03-16,1.10000,.
1973-03-23,1.14000,.
1973-03-30,1.16000,.
1973-04-06,1.15000,.
1973-04-13,1.13000,.
1973-04-20,1.10000,.
1973-04-27,1.07000,.
1973-05-04,1.04000,.
1973-05-11,1.01000,.
1973-05-18,0.99000,.
1973-05-25,0.97000,.
1973-06-01,0.95000,.
1973-06-08,0.95000,.
1973-06-15,0.97000,.
1973-06-22,1.01000,.
1973-06-29,1.06000,.
1973-07-06,1.14000,.
1973-07-13,1.25000,.
1973-07-20,1.36000,.
1973-07-27,1.49000,.
1973-08-03,1.62000,.
1973-08-10,1.74000,.
1973-08-17,1.86000,.
1973-08-24,1.97000,.
1973-08-31,2.06000,.
1973-09-07,2.12000,.
1973-09-14,2.16000,.
1973-09-21,2.18000,.
1973-09-28,2.17000,.
1973-10-05,2.13000,.
1973-10-12,2.09000,.
1973-10-19,2.03000,.
1973-10-26,1.97000,.
1973-11-02,1.93000,.
1973-11-09,1.90000,.
1973-11-16,1.89000,.
1973-11-23,1.89000,.
1973-11-30,1.89000,.
1973-12-07,1.87000,.
1973-12-14,1.83000,.
1973-12-21,1.74000,.
1973-12-28,1.62000,.
1974-01-04,1.46000,.
1974-01-11,1.27000,.
1974-01-18,1.07000,.
1974-01-25,0.86000,.
1974-02-01,0.68000,.
1974-02-08,0.51000,.
1974-02-15,0.38000,.
1974-02-22,0.30000,.
1974-03-01,0.26000,.
1974-03-08,0.28000,.
1974-03-15,0.35000,.
1974-03-22,0.47000,.
1974-03-29,0.64000,.
1974-04-05,0.86000,.
1974-04-12,1.11000,.
1974-04-19,1.40000,.
1974-04-26,1.71000,.
1974-05-03,2.05000,.
1974-05-10,2.40000,.
1974-05-17,2.76000,.
1974-05-24,3.12000,.
1974-05-31,3.47000,.
1974-06-07,3.81000,.
1974-06-14,4.13000,.
1974-06-21,4.42000,.
1974-06-28,4.66000,.
1974-07-05,4.84000,.
1974-07-12,4.95000,.
1974-07-19,4.99000,.
1974-07-26,4.97000,.
1974-08-02,4.90000,.
1974-08-09,4.79000,.
1974-08-16,4.67000,.
1974-08-23,4.54000,.
1974-08-30,4.40000,.
1974-09-06,4.27000,.
1974-09-13,4.14000,.
1974-09-20,4.00000,.
1974-09-27,3.86000,.
1974-10-04,3.70000,.
1974-10-11,3.51000,.
1974-10-18,3.33000,.
1974-10-25,3.14000,.
1974-11-01,2.97000,.
1974-11-08,2.82000,.
1974-11-15,2.71000,.
1974-11-22,2.62000,.
1974-11-29,2.56000,.
1974-12-06,2.50000,.
1974-12-13,2.44000,.
1974-12-20,2.37000,.
1974-12-27,2.28000,.
1975-01-03,2.16000,.
1975-01-10,2.01000,.
1975-01-17,1.85000,.
1975-01-24,1.67000,.
1975-01-31,1.49000,.
1975-02-07,1.31000,.
1975-02-14,1.15000,.
1975-02-21,1.00000,.
1975-02-28,0.86000,.
1975-03-07,0.74000,.
1975-03-14,0.63000,.
1975-03-21,0.53000,.
1975-03-28,0.44000,.
1975-04-04,0.36000,.
1975-04-11,0.28000,.
1975-04-18,0.19000,.
1975-04-25,0.11000,.
1975-05-02,0.02000,.
1975-05-09,-0.06000,.
1975-05-16,-0.14000,.
1975-05-23,-0.21000,.
1975-05-30,-0.27000,.
1975-06-06,-0.32000,.
1975-06-13,-0.36000,.
1975-06-20,-0.39000,.
1975-06-27,-0.41000,.
1975-07-04,-0.42000,.
1975-07-11,-0.43000,.
1975-07-18,-0.44000,.
1975-07-25,-0.44000,.
1975-08-01,-0.43000,.
1975-08-08,-0.42000,.
1975-08-15,-0.40000,.
1975-08-22,-0.37000,.
1975-08-29,-0.34000,.
1975-09-05,-0.30000,.
1975-09-12,-0.25000,.
1975-09-19,-0.20000,.
1975-09-26,-0.15000,.
1975-10-03,-0.10000,.
1975-10-10,-0.07000,.
1975-10-17,-0.04000,.
1975-10-24,-0.02000,.
1975-10-31,-0.01000,.
1975-11-07,-0.01000,.
1975-11-14,-0.02000,.
1975-11-21,-0.05000,.
1975-11-28,-0.09000,.
1975-12-05,-0.14000,.
1975-12-12,-0.20000,.
1975-12-19,-0.28000,.
1975-12-26,-0.35000,.
1976-01-02,-0.43000,.
1976-01-09,-0.51000,.
1976-01-16,-0.58000,.
1976-01-23,-0.64000,.
1976-01-30,-0.70000,.
1976-02-06,-0.74000,.
1976-02-13,-0.77000,.
1976-02-20,-0.80000,.
1976-02-27,-0.81000,.
1976-03-05,-0.83000,.
1976-03-12,-0.83000,.
1976-03-19,-0.84000,.
1976-03-26,-0.84000,.
1976-04-02,-0.83000,.
1976-04-09,-0.82000,.
1976-04-16,-0.79000,.
1976-04-23,-0.77000,.
1976-04-30,-0.73000,.
1976-05-07,-0.70000,.
1976-05-14,-0.66000,.
1976-05-21,-0.63000,.
1976-05-28,-0.60000,.
1976-06-04,-0.59000,.
1976-06-11,-0.59000,.
1976-06-18,-0.60000,.
1976-06-25,-0.62000,.
1976-07-02,-0.64000,.
1976-07-09,-0.68000,.
1976-07-16,-0.71000,.
1976-07-23,-0.74000,.
1976-07-30,-0.77000,.
1976-08-06,-0.80000,.
1976-08-13,-0.82000,.
1976-08-20,-0.83000,.
1976-08-27,-0.85000,.
1976-09-03,-0.85000,.
1976-09-10,-0.86000,.
1976-09-17,-0.86000,.
1976-09-24,-0.86000,.
1976-10-01,-0.86000,.
1976-10-08,-0.85000,.
1976-10-15,-0.85000,.
1976-10-22,-0.84000,.
1976-10-29,-0.82000,.
1976-11-05,-0.81000,.
1976-11-12,-0.79000,.
1976-11-19,-0.77000,.
1976-11-26,-0.76000,.
1976-12-03,-0.75000,.
1976-12-10,-0.74000,.
1976-12-17,-0.75000,.
1976-12-24,-0.76000,.
1976-12-31,-0.78000,.
1977-01-07,-0.81000,.
1977-01-14,-0.84000,.
1977-01-21,-0.87000,.
1977-01-28,-0.90000,.
1977-02-04,-0.92000,.
1977-02-11,-0.94000,.
1977-02-18,-0.95000,.
1977-02-25,-0.95000,.
1977-03-04,-0.94000,.
1977-03-11,-0.92000,.
1977-03-18,-0.90000,.
1977-03-25,-0.88000,.
1977-04-01,-0.85000,.
1977-04-08,-0.82000,.
1977-04-15,-0.78000,.
1977-04-22,-0.74000,.
1977-04-29,-0.71000,.
1977-05-06,-0.67000,.
1977-05-13,-0.64000,.
1977-05-20,-0.61000,.
1977-05-27,-0.58000,.
1977-06-03,-0.57000,.
1977-06-10,-0.56000,.
1977-06-17,-0.55000,.
1977-06-24,-0.55000,.
1977-07-01,-0.56000,.
1977-07-08,-0.56000,.
1977-07-15,-0.57000,.
1977-07-22,-0.57000,.
1977-07-29,-0.56000,.
1977-08-05,-0.55000,.
1977-08-12,-0.53000,.
1977-08-19,-0.51000,.
1977-08-26,-0.49000,.
1977-09-02,-0.46000,.
1977-09-09,-0.44000,.
1977-09-16,-0.41000,.
1977-09-23,-0.38000,.
1977-09-30,-0.35000,.
1977-10-07,-0.32000,.
1977-10-14,-0.29000,.
1977-10-21,-0.26000,.
1977-10-28,-0.24000,.
1977-11-04,-0.22000,.
1977-11-11,-0.20000,.
1977-11-18,-0.19000,.
1977-11-25,-0.18000,.
1977-12-02,-0.18000,.
1977-12-09,-0.18000,.
1977-12-16,-0.19000,.
1977-12-23,-0.20000,.
1977-12-30,-0.21000,.
1978-01-06,-0.22000,.
1978-01-13,-0.23000,.
1978-01-20,-0.24000,.
1978-01-27,-0.25000,.
1978-02-03,-0.24000,.
1978-02-10,-0.24000,.
1978-02-17,-0.22000,.
1978-02-24,-0.20000,.
1978-03-03,-0.17000,.
1978-03-10,-0.13000,.
1978-03-17,-0.09000,.
1978-03-24,-0.04000,.
1978-03-31,0.01000,.
1978-04-07,0.07000,.
1978-04-14,0.13000,.
1978-04-21,0.20000,.
1978-04-28,0.26000,.
1978-05-05,0.32000,.
1978-05-12,0.38000,.
1978-05-19,0.43000,.
1978-05-26,0.48000,.
1978-06-02,0.51000,.
1978-06-09,0.54000,.
1978-06-16,0.56000,.
1978-06-23,0.58000,.
1978-06-30,0.58000,.
1978-07-07,0.58000,.
1978-07-14,0.56000,.
1978-07-21,0.55000,.
1978-07-28,0.53000,.
1978-08-04,0.50000,.
1978-08-11,0.48000,.
1978-08-18,0.46000,.
1978-08-25,0.46000,.
1978-09-01,0.48000,.
1978-09-08,0.53000,.
1978-09-15,0.61000,.
1978-09-22,0.71000,.
1978-09-29,0.85000,.
1978-10-06,1.01000,.
1978-10-13,1.19000,.
1978-10-20,1.37000,.
1978-10-27,1.54000,.
1978-11-03,1.69000,.
1978-11-10,1.82000,.
1978-11-17,1.91000,.
1978-11-24,1.96000,.
1978-12-01,1.97000,.
1978-12-08,1.94000,.
1978-12-15,1.88000,.
1978-12-22,1.79000,.
1978-12-29,1.69000,.
1979-01-05,1.56000,.
1979-01-12,1.43000,.
1979-01-19,1.28000,.
1979-01-26,1.14000,.
1979-02-02,1.01000,.
1979-02-09,0.88000,.
1979-02-16,0.76000,.
1979-02-23,0.65000,.
1979-03-02,0.56000,.
1979-03-09,0.48000,.
1979-03-16,0.41000,.
1979-03-23,0.36000,.
1979-03-30,0.33000,.
1979-04-06,0.31000,.
1979-04-13,0.31000,.
1979-04-20,0.32000,.
1979-04-27,0.34000,.
1979-05-04,0.37000,.
1979-05-11,0.41000,.
1979-05-18,0.45000,.
1979-05-25,0.51000,.
1979-06-01,0.57000,.
1979-06-08,0.64000,.
1979-06-15,0.71000,.
1979-06-22,0.78000,.
1979-06-29,0.85000,.
1979-07-06,0.92000,.
1979-07-13,0.99000,.
1979-07-20,1.07000,.
1979-07-27,1.14000,.
1979-08-03,1.23000,.
1979-08-10,1.31000,.
1979-08-17,1.41000,.
1979-08-24,1.51000,.
1979-08-31,1.62000,.
1979-09-07,1.74000,.
1979-09-14,1.85000,.
1979-09-21,1.97000,.
1979-09-28,2.09000,.
1979-10-05,2.20000,.
1979-10-12,2.29000,.
1979-10-19,2.37000,.
1979-10-26,2.43000,.
1979-11-02,2.47000,.
1979-11-09,2.48000,.
1979-11-16,2.45000,.
1979-11-23,2.39000,.
1979-11-30,2.32000,.
1979-12-07,2.22000,.
1979-12-14,2.12000,.
1979-12-21,2.02000,.
1979-12-28,1.93000,.
1980-01-04,1.85000,.
1980-01-11,1.79000,.
1980-01-18,1.76000,.
1980-01-25,1.77000,.
1980-02-01,1.83000,.
1980-02-08,1.94000,.
1980-02-15,2.11000,.
1980-02-22,2.33000,.
1980-02-29,2.59000,.
1980-03-07,2.88000,.
1980-03-14,3.17000,.
1980-03-21,3.44000,.
1980-03-28,3.67000,.
1980-04-04,3.84000,.
1980-04-11,3.94000,.
1980-04-18,3.94000,.
1980-04-25,3.87000,.
1980-05-02,3.71000,.
1980-05-09,3.49000,.
1980-05-16,3.23000,.
1980-05-23,2.94000,.
1980-05-30,2.64000,.
1980-06-06,2.33000,.
1980-06-13,2.03000,.
1980-06-20,1.74000,.
1980-06-27,1.47000,.
1980-07-04,1.24000,.
1980-07-11,1.04000,.
1980-07-18,0.90000,.
1980-07-25,0.81000,.
1980-08-01,0.76000,.
1980-08-08,0.76000,.
1980-08-15,0.79000,.
1980-08-22,0.84000,.
1980-08-29,0.91000,.
1980-09-05,0.99000,.
1980-09-12,1.07000,.
1980-09-19,1.15000,.
1980-09-26,1.24000,.
1980-10-03,1.34000,.
1980-10-10,1.46000,.
1980-10-17,1.59000,.
1980-10-24,1.75000,.
1980-10-31,1.94000,.
1980-11-07,2.15000,.
1980-11-14,2.37000,.
1980-11-21,2.60000,.
1980-11-28,2.82000,.
1980-12-05,3.01000,.
1980-12-12,3.16000,.
1980-12-19,3.26000,.
1980-12-26,3.29000,.
1981-01-02,3.26000,.
1981-01-09,3.17000,.
1981-01-16,3.03000,.
1981-01-23,2.86000,.
1981-01-30,2.67000,.
1981-02-06,2.48000,.
1981-02-13,2.29000,.
1981-02-20,2.12000,.
1981-02-27,1.96000,.
1981-03-06,1.84000,.
1981-03-13,1.74000,.
1981-03-20,1.69000,.
1981-03-27,1.67000,.
1981-04-03,1.69000,.
1981-04-10,1.75000,.
1981-04-17,1.84000,.
1981-04-24,1.95000,.
1981-05-01,2.08000,.
1981-05-08,2.22000,.
1981-05-15,2.37000,.
1981-05-22,2.53000,.
1981-05-29,2.70000,.
1981-06-05,2.87000,.
1981-06-12,3.03000,.
1981-06-19,3.18000,.
1981-06-26,3.30000,.
1981-07-03,3.40000,.
1981-07-10,3.47000,.
1981-07-17,3.51000,.
1981-07-24,3.52000,.
1981-07-31,3.50000,.
1981-08-07,3.45000,.
1981-08-14,3.38000,.
1981-08-21,3.31000,.
1981-08-28,3.23000,.
1981-09-04,3.15000,.
1981-09-11,3.09000,.
1981-09-18,3.03000,.
1981-09-25,2.97000,.
1981-10-02,2.92000,.
1981-10-09,2.88000,.
1981-10-16,2.84000,.
1981-10-23,2.79000,.
1981-10-30,2.74000,.
1981-11-06,2.68000,.
1981-11-13,2.60000,.
1981-11-20,2.50000,.
1981-11-27,2.40000,.
1981-12-04,2.31000,.
1981-12-11,2.22000,.
1981-12-18,2.14000,.
1981-12-25,2.08000,.
1982-01-01,2.01000,.
1982-01-08,1.96000,.
1982-01-15,1.92000,.
1982-01-22,1.90000,.
1982-01-29,1.91000,.
1982-02-05,1.93000,.
1982-02-12,1.97000,.
1982-02-19,2.02000,.
1982-02-26,2.06000,.
1982-03-05,2.09000,.
1982-03-12,2.12000,.
1982-03-19,2.14000,.
1982-03-26,2.16000,.
1982-04-02,2.18000,.
1982-04-09,2.20000,.
1982-04-16,2.22000,.
1982-04-23,2.25000,.
1982-04-30,2.28000,.
1982-05-07,2.33000,.
1982-05-14,2.40000,.
1982-05-21,2.49000,.
1982-05-28,2.59000,.
1982-06-04,2.68000,.
1982-06-11,2.78000,.
1982-06-18,2.86000,.
1982-06-25,2.91000,.
1982-07-02,2.94000,.
1982-07-09,2.95000,.
1982-07-16,2.95000,.
1982-07-23,2.94000,.
1982-07-30,2.95000,.
1982-08-06,2.99000,.
1982-08-13,3.05000,.
1982-08-20,3.14000,.
1982-08-27,3.24000,.
1982-09-03,3.33000,.
1982-09-10,3.40000,.
1982-09-17,3.41000,.
1982-09-24,3.35000,.
1982-10-01,3.21000,.
1982-10-08,2.99000,.
1982-10-15,2.71000,.
1982-10-22,2.39000,.
1982-10-29,2.07000,.
1982-11-05,1.77000,.
1982-11-12,1.50000,.
1982-11-19,1.27000,.
1982-11-26,1.09000,.
1982-12-03,0.94000,.
1982-12-10,0.82000,.
1982-12-17,0.73000,.
1982-12-24,0.64000,.
1982-12-31,0.56000,.
1983-01-07,0.47000,.
1983-01-14,0.39000,.
1983-01-21,0.31000,.
1983-01-28,0.23000,.
1983-02-04,0.17000,.
1983-02-11,0.12000,.
1983-02-18,0.08000,.
1983-02-25,0.05000,.
1983-03-04,0.03000,.
1983-03-11,0.02000,.
1983-03-18,0.02000,.
1983-03-25,0.02000,.
1983-04-01,0.01000,.
1983-04-08,0.00000,.
1983-04-15,-0.03000,.
1983-04-22,-0.06000,.
1983-04-29,-0.10000,.
1983-05-06,-0.14000,.
1983-05-13,-0.17000,.
1983-05-20,-0.20000,.
1983-05-27,-0.21000,.
1983-06-03,-0.22000,.
1983-06-10,-0.22000,.
1983-06-17,-0.21000,.
1983-06-24,-0.19000,.
1983-07-01,-0.17000,.
1983-07-08,-0.15000,.
1983-07-15,-0.13000,.
1983-07-22,-0.12000,.
1983-07-29,-0.11000,.
1983-08-05,-0.10000,.
1983-08-12,-0.10000,.
1983-08-19,-0.10000,.
1983-08-26,-0.10000,.
1983-09-02,-0.10000,.
1983-09-09,-0.11000,.
1983-09-16,-0.10000,.
1983-09-23,-0.10000,.
1983-09-30,-0.08000,.
1983-10-07,-0.06000,.
1983-10-14,-0.04000,.
1983-10-21,-0.01000,.
1983-10-28,0.03000,.
1983-11-04,0.05000,.
1983-11-11,0.08000,.
1983-11-18,0.10000,.
1983-11-25,0.11000,.
1983-12-02,0.11000,.
1983-12-09,0.11000,.
1983-12-16,0.10000,.
1983-12-23,0.08000,.
1983-12-30,0.05000,.
1984-01-06,0.01000,.
1984-01-13,-0.03000,.
1984-01-20,-0.07000,.
1984-01-27,-0.11000,.
1984-02-03,-0.15000,.
1984-02-10,-0.18000,.
1984-02-17,-0.19000,.
1984-02-24,-0.20000,.
1984-03-02,-0.20000,.
1984-03-09,-0.18000,.
1984-03-16,-0.15000,.
1984-03-23,-0.10000,.
1984-03-30,-0.04000,.
1984-04-06,0.04000,.
1984-04-13,0.13000,.
1984-04-20,0.23000,.
1984-04-27,0.35000,.
1984-05-04,0.48000,.
1984-05-11,0.61000,.
1984-05-18,0.73000,.
1984-05-25,0.85000,.
1984-06-01,0.96000,.
1984-06-08,1.04000,.
1984-06-15,1.12000,.
1984-06-22,1.17000,.
1984-06-29,1.19000,.
1984-07-06,1.18000,.
1984-07-13,1.14000,.
1984-07-20,1.07000,.
1984-07-27,0.98000,.
1984-08-03,0.89000,.
1984-08-10,0.80000,.
1984-08-17,0.71000,.
1984-08-24,0.64000,.
1984-08-31,0.57000,.
1984-09-07,0.52000,.
1984-09-14,0.46000,.
1984-09-21,0.41000,.
1984-09-28,0.36000,.
1984-10-05,0.30000,.
1984-10-12,0.25000,.
1984-10-19,0.20000,.
1984-10-26,0.14000,.
1984-11-02,0.09000,.
1984-11-09,0.05000,.
1984-11-16,0.00000,.
1984-11-23,-0.04000,.
1984-11-30,-0.08000,.
1984-12-07,-0.12000,.
1984-12-14,-0.17000,.
1984-12-21,-0.21000,.
1984-12-28,-0.25000,.
1985-01-04,-0.30000,.
1985-01-11,-0.34000,.
1985-01-18,-0.37000,.
1985-01-25,-0.39000,.
1985-02-01,-0.39000,.
1985-02-08,-0.39000,.
1985-02-15,-0.37000,.
1985-02-22,-0.35000,.
1985-03-01,-0.33000,.
1985-03-08,-0.31000,.
1985-03-15,-0.29000,.
1985-03-22,-0.28000,.
1985-03-29,-0.27000,.
1985-04-05,-0.28000,.
1985-04-12,-0.29000,.
1985-04-19,-0.31000,.
1985-04-26,-0.34000,.
1985-05-03,-0.37000,.
1985-05-10,-0.40000,.
1985-05-17,-0.43000,.
1985-05-24,-0.45000,.
1985-05-31,-0.47000,.
1985-06-07,-0.48000,.
1985-06-14,-0.48000,.
1985-06-21,-0.47000,.
1985-06-28,-0.46000,.
1985-07-05,-0.44000,.
1985-07-12,-0.42000,.
1985-07-19,-0.40000,.
1985-07-26,-0.37000,.
1985-08-02,-0.34000,.
1985-08-09,-0.30000,.
1985-08-16,-0.27000,.
1985-08-23,-0.23000,.
1985-08-30,-0.20000,.
1985-09-06,-0.18000,.
1985-09-13,-0.17000,.
1985-09-20,-0.17000,.
1985-09-27,-0.18000,.
1985-10-04,-0.20000,.
1985-10-11,-0.23000,.
1985-10-18,-0.26000,.
1985-10-25,-0.30000,.
1985-11-01,-0.33000,.
1985-11-08,-0.35000,.
1985-11-15,-0.36000,.
1985-11-22,-0.36000,.
1985-11-29,-0.35000,.
1985-12-06,-0.34000,.
1985-12-13,-0.32000,.
1985-12-20,-0.31000,.
1985-12-27,-0.30000,.
1986-01-03,-0.30000,.
1986-01-10,-0.30000,.
1986-01-17,-0.31000,.
1986-01-24,-0.32000,.
1986-01-31,-0.33000,.
1986-02-07,-0.34000,.
1986-02-14,-0.35000,.
1986-02-21,-0.36000,.
1986-02-28,-0.36000,.
1986-03-07,-0.37000,.
1986-03-14,-0.37000,.
1986-03-21,-0.38000,.
1986-03-28,-0.40000,.
1986-04-04,-0.43000,.
1986-04-11,-0.46000,.
1986-04-18,-0.50000,.
1986-04-25,-0.54000,.
1986-05-02,-0.57000,.
1986-05-09,-0.59000,.
1986-05-16,-0.60000,.
1986-05-23,-0.60000,.
1986-05-30,-0.59000,.
1986-06-06,-0.57000,.
1986-06-13,-0.55000,.
1986-06-20,-0.52000,.
1986-06-27,-0.51000,.
1986-07-04,-0.50000,.
1986-07-11,-0.51000,.
1986-07-18,-0.53000,.
1986-07-25,-0.55000,.
1986-08-01,-0.58000,.
1986-08-08,-0.61000,.
1986-08-15,-0.64000,.
1986-08-22,-0.66000,.
1986-08-29,-0.66000,.
1986-09-05,-0.66000,.
1986-09-12,-0.64000,.
1986-09-19,-0.62000,.
1986-09-26,-0.60000,.
1986-10-03,-0.59000,.
1986-10-10,-0.58000,.
1986-10-17,-0.57000,.
1986-10-24,-0.58000,.
1986-10-31,-0.58000,.
1986-11-07,-0.58000,.
1986-11-14,-0.59000,.
1986-11-21,-0.59000,.
1986-11-28,-0.58000,.
1986-12-05,-0.57000,.
1986-12-12,-0.56000,.
1986-12-19,-0.54000,.
1986-12-26,-0.52000,.
1987-01-02,-0.51000,.
1987-01-09,-0.50000,.
1987-01-16,-0.50000,.
1987-01-23,-0.51000,.
1987-01-30,-0.51000,.
1987-02-06,-0.51000,.
1987-02-13,-0.51000,.
1987-02-20,-0.49000,.
1987-02-27,-0.47000,.
1987-03-06,-0.44000,.
1987-03-13,-0.38000,.
1987-03-20,-0.31000,.
1987-03-27,-0.21000,.
1987-04-03,-0.09000,.
1987-04-10,0.04000,.
1987-04-17,0.17000,.
1987-04-24,0.30000,.
1987-05-01,0.41000,.
1987-05-08,0.50000,.
1987-05-15,0.57000,.
1987-05-22,0.61000,.
1987-05-29,0.61000,.
1987-06-05,0.59000,.
1987-06-12,0.54000,.
1987-06-19,0.47000,.
1987-06-26,0.40000,.
1987-07-03,0.32000,.
1987-07-10,0.25000,.
1987-07-17,0.19000,.
1987-07-24,0.12000,.
1987-07-31,0.06000,.
1987-08-07,0.01000,.
1987-08-14,-0.02000,.
1987-08-21,-0.01000,.
1987-08-28,0.03000,.
1987-09-04,0.11000,.
1987-09-11,0.22000,.
1987-09-18,0.34000,.
1987-09-25,0.49000,.
1987-10-02,0.64000,.
1987-10-09,0.78000,.
1987-10-16,0.92000,.
1987-10-23,1.03000,.
1987-10-30,1.10000,.
1987-11-06,1.13000,.
1987-11-13,1.12000,.
1987-11-20,1.10000,.
1987-11-27,1.06000,.
1987-12-04,1.02000,.
1987-12-11,0.96000,.
1987-12-18,0.90000,.
1987-12-25,0.82000,.
1988-01-01,0.73000,.
1988-01-08,0.63000,.
1988-01-15,0.54000,.
1988-01-22,0.45000,.
1988-01-29,0.36000,.
1988-02-05,0.29000,.
1988-02-12,0.22000,.
1988-02-19,0.17000,.
1988-02-26,0.13000,.
1988-03-04,0.11000,.
1988-03-11,0.10000,.
1988-03-18,0.11000,.
1988-03-25,0.13000,.
1988-04-01,0.16000,.
1988-04-08,0.19000,.
1988-04-15,0.22000,.
1988-04-22,0.24000,.
1988-04-29,0.26000,.
1988-05-06,0.26000,.
1988-05-13,0.26000,.
1988-05-20,0.25000,.
1988-05-27,0.24000,.
1988-06-03,0.24000,.
1988-06-10,0.24000,.
1988-06-17,0.24000,.
1988-06-24,0.26000,.
1988-07-01,0.29000,.
1988-07-08,0.31000,.
1988-07-15,0.34000,.
1988-07-22,0.37000,.
1988-07-29,0.39000,.
1988-08-05,0.40000,.
1988-08-12,0.40000,.
1988-08-19,0.40000,.
1988-08-26,0.38000,.
1988-09-02,0.36000,.
1988-09-09,0.33000,.
1988-09-16,0.30000,.
1988-09-23,0.28000,.
1988-09-30,0.26000,.
1988-10-07,0.24000,.
1988-10-14,0.23000,.
1988-10-21,0.21000,.
1988-10-28,0.19000,.
1988-11-04,0.18000,.
1988-11-11,0.17000,.
1988-11-18,0.16000,.
1988-11-25,0.16000,.
1988-12-02,0.16000,.
1988-12-09,0.16000,.
1988-12-16,0.16000,.
1988-12-23,0.16000,.
1988-12-30,0.16000,.
1989-01-06,0.16000,.
1989-01-13,0.17000,.
1989-01-20,0.18000,.
1989-01-27,0.20000,.
1989-02-03,0.23000,.
1989-02-10,0.28000,.
1989-02-17,0.34000,.
1989-02-24,0.42000,.
1989-03-03,0.50000,.
1989-03-10,0.58000,.
1989-03-17,0.66000,.
1989-03-24,0.72000,.
1989-03-31,0.75000,.
1989-04-07,0.76000,.
1989-04-14,0.75000,.
1989-04-21,0.70000,.
1989-04-28,0.64000,.
1989-05-05,0.57000,.
1989-05-12,0.49000,.
1989-05-19,0.41000,.
1989-05-26,0.35000,.
1989-06-02,0.31000,.
1989-06-09,0.29000,.
1989-06-16,0.28000,.
1989-06-23,0.28000,.
1989-06-30,0.27000,.
1989-07-07,0.27000,.
1989-07-14,0.25000,.
1989-07-21,0.23000,.
1989-07-28,0.21000,.
1989-08-04,0.20000,.
1989-08-11,0.19000,.
1989-08-18,0.21000,.
1989-08-25,0.23000,.
1989-09-01,0.26000,.
1989-09-08,0.30000,.
1989-09-15,0.34000,.
1989-09-22,0.37000,.
1989-09-29,0.39000,.
1989-10-06,0.39000,.
1989-10-13,0.38000,.
1989-10-20,0.35000,.
1989-10-27,0.31000,.
1989-11-03,0.25000,.
1989-11-10,0.20000,.
1989-11-17,0.14000,.
1989-11-24,0.10000,.
1989-12-01,0.06000,.
1989-12-08,0.04000,.
1989-12-15,0.03000,.
1989-12-22,0.03000,.
1989-12-29,0.03000,.
1990-01-05,0.05000,.
1990-01-12,0.06000,.
1990-01-19,0.07000,.
1990-01-26,0.08000,.
1990-02-02,0.08000,.
1990-02-09,0.08000,.
1990-02-16,0.07000,.
1990-02-23,0.05000,.
1990-03-02,0.05000,.
1990-03-09,0.04000,.
1990-03-16,0.04000,.
1990-03-23,0.05000,.
1990-03-30,0.06000,.
1990-04-06,0.08000,.
1990-04-13,0.09000,.
1990-04-20,0.10000,.
1990-04-27,0.09000,.
1990-05-04,0.08000,.
1990-05-11,0.05000,.
1990-05-18,0.01000,.
1990-05-25,-0.04000,.
1990-06-01,-0.08000,.
1990-06-08,-0.13000,.
1990-06-15,-0.16000,.
1990-06-22,-0.18000,.
1990-06-29,-0.18000,.
1990-07-06,-0.18000,.
1990-07-13,-0.16000,.
1990-07-20,-0.14000,.
1990-07-27,-0.10000,.
1990-08-03,-0.05000,.
1990-08-10,-0.01000,.
1990-08-17,0.04000,.
1990-08-24,0.09000,.
1990-08-31,0.14000,.
1990-09-07,0.19000,.
1990-09-14,0.25000,.
1990-09-21,0.30000,.
1990-09-28,0.34000,.
1990-10-05,0.38000,.
1990-10-12,0.41000,.
1990-10-19,0.42000,.
1990-10-26,0.42000,.
1990-11-02,0.42000,.
1990-11-09,0.41000,.
1990-11-16,0.41000,.
1990-11-23,0.41000,.
1990-11-30,0.43000,.
1990-12-07,0.44000,.
1990-12-14,0.46000,.
1990-12-21,0.49000,.
1990-12-28,0.50000,.
1991-01-04,0.51000,.
1991-01-11,0.49000,.
1991-01-18,0.45000,.
1991-01-25,0.39000,.
1991-02-01,0.31000,.
1991-02-08,0.23000,.
1991-02-15,0.15000,.
1991-02-22,0.08000,.
1991-03-01,0.02000,.
1991-03-08,-0.04000,.
1991-03-15,-0.08000,.
1991-03-22,-0.12000,.
1991-03-29,-0.16000,.
1991-04-05,-0.18000,.
1991-04-12,-0.20000,.
1991-04-19,-0.22000,.
1991-04-26,-0.23000,.
1991-05-03,-0.24000,.
1991-05-10,-0.25000,.
1991-05-17,-0.24000,.
1991-05-24,-0.24000,.
1991-05-31,-0.23000,.
1991-06-07,-0.22000,.
1991-06-14,-0.22000,.
1991-06-21,-0.23000,.
1991-06-28,-0.25000,.
1991-07-05,-0.28000,.
1991-07-12,-0.32000,.
1991-07-19,-0.37000,.
1991-07-26,-0.41000,.
1991-08-02,-0.46000,.
1991-08-09,-0.49000,.
1991-08-16,-0.52000,.
1991-08-23,-0.54000,.
1991-08-30,-0.55000,.
1991-09-06,-0.55000,.
1991-09-13,-0.56000,.
1991-09-20,-0.56000,.
1991-09-27,-0.57000,.
1991-10-04,-0.57000,.
1991-10-11,-0.58000,.
1991-10-18,-0.58000,.
1991-10-25,-0.59000,.
1991-11-01,-0.60000,.
1991-11-08,-0.61000,.
1991-11-15,-0.62000,.
1991-11-22,-0.63000,.
1991-11-29,-0.64000,.
1991-12-06,-0.64000,.
1991-12-13,-0.65000,.
1991-12-20,-0.66000,.
1991-12-27,-0.67000,.
1992-01-03,-0.67000,.
1992-01-10,-0.67000,.
1992-01-17,-0.67000,.
1992-01-24,-0.67000,.
1992-01-31,-0.67000,.
1992-02-07,-0.67000,.
1992-02-14,-0.67000,.
1992-02-21,-0.67000,.
1992-02-28,-0.67000,.
1992-03-06,-0.66000,.
1992-03-13,-0.66000,.
1992-03-20,-0.67000,.
1992-03-27,-0.67000,.
1992-04-03,-0.69000,.
1992-04-10,-0.71000,.
1992-04-17,-0.73000,.
1992-04-24,-0.75000,.
1992-05-01,-0.78000,.
1992-05-08,-0.81000,.
1992-05-15,-0.83000,.
1992-05-22,-0.85000,.
1992-05-29,-0.86000,.
1992-06-05,-0.88000,.
1992-06-12,-0.89000,.
1992-06-19,-0.90000,.
1992-06-26,-0.91000,.
1992-07-03,-0.92000,.
1992-07-10,-0.93000,.
1992-07-17,-0.94000,.
1992-07-24,-0.94000,.
1992-07-31,-0.94000,.
1992-08-07,-0.93000,.
1992-08-14,-0.93000,.
1992-08-21,-0.92000,.
1992-08-28,-0.90000,.
1992-09-04,-0.89000,.
1992-09-11,-0.87000,.
1992-09-18,-0.84000,.
1992-09-25,-0.80000,.
1992-10-02,-0.77000,.
1992-10-09,-0.73000,.
1992-10-16,-0.70000,.
1992-10-23,-0.68000,.
1992-10-30,-0.66000,.
1992-11-06,-0.66000,.
1992-11-13,-0.67000,.
1992-11-20,-0.69000,.
1992-11-27,-0.72000,.
1992-12-04,-0.76000,.
1992-12-11,-0.80000,.
1992-12-18,-0.84000,.
1992-12-25,-0.88000,.
1993-01-01,-0.91000,.
1993-01-08,-0.93000,.
1993-01-15,-0.94000,.
1993-01-22,-0.95000,.
1993-01-29,-0.96000,.
1993-02-05,-0.96000,.
1993-02-12,-0.96000,.
1993-02-19,-0.96000,.
1993-02-26,-0.96000,.
1993-03-05,-0.96000,.
1993-03-12,-0.97000,.
1993-03-19,-0.98000,.
1993-03-26,-0.98000,.
1993-04-02,-0.99000,.
1993-04-09,-1.00000,.
1993-04-16,-1.00000,.
1993-04-23,-1.01000,.
1993-04-30,-1.01000,.
1993-05-07,-1.00000,.
1993-05-14,-1.00000,.
1993-05-21,-0.99000,.
1993-05-28,-0.99000,.
1993-06-04,-0.99000,.
1993-06-11,-1.00000,.
1993-06-18,-1.02000,.
1993-06-25,-1.04000,.
1993-07-02,-1.06000,.
1993-07-09,-1.08000,.
1993-07-16,-1.09000,.
1993-07-23,-1.10000,.
1993-07-30,-1.11000,.
1993-08-06,-1.11000,.
1993-08-13,-1.11000,.
1993-08-20,-1.11000,.
1993-08-27,-1.10000,.
1993-09-03,-1.10000,.
1993-09-10,-1.09000,.
1993-09-17,-1.08000,.
1993-09-24,-1.07000,.
1993-10-01,-1.06000,.
1993-10-08,-1.05000,.
1993-10-15,-1.03000,.
1993-10-22,-1.02000,.
1993-10-29,-1.00000,.
1993-11-05,-0.98000,.
1993-11-12,-0.96000,.
1993-11-19,-0.96000,.
1993-11-26,-0.96000,.
1993-12-03,-0.96000,.
1993-12-10,-0.98000,.
1993-12-17,-0.99000,.
1993-12-24,-1.01000,.
1993-12-31,-1.03000,-0.3287
1994-01-07,-1.04000,-0.4192
1994-01-14,-1.04000,-0.1101
1994-01-21,-1.04000,-0.3941
1994-01-28,-1.04000,-0.2548
1994-02-04,-1.02000,-0.5643
1994-02-11,-1.00000,-0.3845
1994-02-18,-0.97000,-0.3520
1994-02-25,-0.93000,-0.3570
1994-03-04,-0.90000,-0.2770
1994-03-11,-0.86000,-0.2824
1994-03-18,-0.82000,-0.1944
1994-03-25,-0.79000,-0.2891
1994-04-01,-0.77000,-0.1973
1994-04-08,-0.75000,-0.1878
1994-04-15,-0.74000,-0.0509
1994-04-22,-0.73000,-0.2476
1994-04-29,-0.73000,-0.1019
1994-05-06,-0.73000,-0.4536
1994-05-13,-0.74000,-0.2256
1994-05-20,-0.75000,-0.0160
1994-05-27,-0.75000,-0.2374
1994-06-03,-0.75000,-0.0739
1994-06-10,-0.75000,0.0374
1994-06-17,-0.75000,-0.2508
1994-06-24,-0.74000,-0.1546
1994-07-01,-0.73000,-0.2168
1994-07-08,-0.73000,-0.0444
1994-07-15,-0.74000,-0.1268
1994-07-22,-0.76000,-0.0793
1994-07-29,-0.78000,-0.2516
1994-08-05,-0.79000,-0.1286
1994-08-12,-0.81000,-0.3695
1994-08-19,-0.82000,-0.3522
1994-08-26,-0.82000,-0.3514
1994-09-02,-0.81000,-0.2196
1994-09-09,-0.79000,-0.3490
1994-09-16,-0.76000,-0.3409
1994-09-23,-0.73000,-0.3820
1994-09-30,-0.69000,-0.2583
1994-10-07,-0.66000,-0.2852
1994-10-14,-0.63000,-0.0229
1994-10-21,-0.62000,-0.2137
1994-10-28,-0.60000,-0.2828
1994-11-04,-0.59000,-0.2262
1994-11-11,-0.57000,-0.2946
1994-11-18,-0.54000,-0.4398
1994-11-25,-0.51000,-0.2298
1994-12-02,-0.48000,-0.2267
1994-12-09,-0.44000,-0.2041
1994-12-16,-0.42000,-0.2498
1994-12-23,-0.40000,-0.2030
1994-12-30,-0.40000,-0.0731
1995-01-06,-0.41000,-0.3130
1995-01-13,-0.44000,-0.0622
1995-01-20,-0.47000,-0.3497
1995-01-27,-0.51000,-0.3743
1995-02-03,-0.55000,-0.3403
1995-02-10,-0.59000,-0.4491
1995-02-17,-0.61000,-0.2322
1995-02-24,-0.63000,-0.2422
1995-03-03,-0.65000,-0.1991
1995-03-10,-0.65000,-0.1810
1995-03-17,-0.65000,-0.1853
1995-03-24,-0.65000,-0.3852
1995-03-31,-0.65000,-0.4619
1995-04-07,-0.65000,-0.3205
1995-04-14,-0.66000,-0.2891
1995-04-21,-0.67000,-0.2347
1995-04-28,-0.69000,-0.4430
1995-05-05,-0.71000,-0.2802
1995-05-12,-0.73000,-0.1159
1995-05-19,-0.74000,-0.3530
1995-05-26,-0.75000,-0.3142
1995-06-02,-0.74000,-0.0420
1995-06-09,-0.74000,-0.2108
1995-06-16,-0.73000,-0.1863
1995-06-23,-0.71000,-0.1464
1995-06-30,-0.71000,-0.2904
1995-07-07,-0.70000,-0.2517
1995-07-14,-0.70000,-0.1322
1995-07-21,-0.71000,-0.5164
1995-07-28,-0.71000,-0.3146
1995-08-04,-0.72000,-0.2545
1995-08-11,-0.73000,-0.2819
1995-08-18,-0.74000,-0.4070
1995-08-25,-0.74000,-0.2249
1995-09-01,-0.74000,-0.1202
1995-09-08,-0.74000,-0.2338
1995-09-15,-0.74000,-0.3350
1995-09-22,-0.73000,-0.3066
1995-09-29,-0.73000,-0.4417
1995-10-06,-0.72000,-0.0493
1995-10-13,-0.72000,-0.2312
1995-10-20,-0.73000,-0.1964
1995-10-27,-0.74000,-0.1710
1995-11-03,-0.75000,-0.2011
1995-11-10,-0.77000,-0.3387
1995-11-17,-0.78000,-0.3382
1995-11-24,-0.78000,-0.4723
1995-12-01,-0.79000,-0.2983
1995-12-08,-0.78000,-0.3654
1995-12-15,-0.78000,-0.4332
1995-12-22,-0.77000,-0.3215
1995-12-29,-0.77000,-0.0418
1996-01-05,-0.77000,-0.4615
1996-01-12,-0.78000,-0.2359
1996-01-19,-0.80000,-0.1988
1996-01-26,-0.82000,-0.4136
1996-02-02,-0.84000,-0.3694
1996-02-09,-0.85000,-0.2869
1996-02-16,-0.86000,-0.2654
1996-02-23,-0.85000,-0.5452
1996-03-01,-0.84000,-0.4622
1996-03-08,-0.81000,-0.0714
1996-03-15,-0.79000,-0.3432
1996-03-22,-0.76000,-0.1615
1996-03-29,-0.74000,-0.1213
1996-04-05,-0.72000,-0.1661
1996-04-12,-0.71000,-0.1706
1996-04-19,-0.70000,0.0157
1996-04-26,-0.71000,-0.2192
1996-05-03,-0.71000,-0.2632
1996-05-10,-0.73000,-0.1575
1996-05-17,-0.74000,-0.1694
1996-05-24,-0.74000,-0.2595
1996-05-31,-0.74000,-0.3410
1996-06-07,-0.74000,-0.2728
1996-06-14,-0.74000,-0.2504
1996-06-21,-0.73000,-0.2170
1996-06-28,-0.72000,-0.0409
1996-07-05,-0.72000,-0.4270
1996-07-12,-0.72000,-0.0249
1996-07-19,-0.72000,0.0094
1996-07-26,-0.73000,-0.1181
1996-08-02,-0.74000,-0.1987
1996-08-09,-0.76000,0.1455
1996-08-16,-0.77000,-0.2870
1996-08-23,-0.77000,-0.3250
1996-08-30,-0.77000,-0.4100
1996-09-06,-0.76000,-0.2291
1996-09-13,-0.76000,-0.1511
1996-09-20,-0.75000,-0.1837
1996-09-27,-0.74000,-0.0830
1996-10-04,-0.75000,-0.0794
1996-10-11,-0.76000,-0.0802
1996-10-18,-0.77000,-0.1667
1996-10-25,-0.78000,-0.2220
1996-11-01,-0.80000,-0.0693
1996-11-08,-0.81000,-0.2345
1996-11-15,-0.81000,-0.2246
1996-11-22,-0.81000,-0.3271
1996-11-29,-0.79000,-0.3012
1996-12-06,-0.77000,-0.1716
1996-12-13,-0.75000,-0.1090
1996-12-20,-0.73000,-0.2190
1996-12-27,-0.71000,-0.1089
1997-01-03,-0.70000,-0.3998
1997-01-10,-0.69000,-0.1560
1997-01-17,-0.69000,-0.3369
1997-01-24,-0.70000,-0.3794
1997-01-31,-0.71000,-0.2863
1997-02-07,-0.73000,-0.2137
1997-02-14,-0.74000,-0.3146
1997-02-21,-0.75000,-0.3911
1997-02-28,-0.75000,-0.4642
1997-03-07,-0.75000,-0.2875
1997-03-14,-0.73000,-0.3419
1997-03-21,-0.72000,-0.3504
1997-03-28,-0.70000,-0.4365
1997-04-04,-0.68000,-0.1763
1997-04-11,-0.67000,-0.1477
1997-04-18,-0.65000,-0.2844
1997-04-25,-0.64000,-0.2751
1997-05-02,-0.64000,-0.2799
1997-05-09,-0.64000,-0.2342
1997-05-16,-0.64000,-0.2310
1997-05-23,-0.64000,-0.3174
1997-05-30,-0.64000,-0.2777
1997-06-06,-0.64000,-0.1233
1997-06-13,-0.64000,-0.3035
1997-06-20,-0.64000,-0.2305
1997-06-27,-0.65000,-0.1507
1997-07-04,-0.65000,-0.4168
1997-07-11,-0.66000,-0.1259
1997-07-18,-0.66000,-0.3262
1997-07-25,-0.67000,-0.3362
1997-08-01,-0.67000,-0.4319
1997-08-08,-0.67000,-0.3975
1997-08-15,-0.67000,-0.3047
1997-08-22,-0.66000,-0.2535
1997-08-29,-0.65000,-0.2970
1997-09-05,-0.65000,-0.2230
1997-09-12,-0.64000,-0.2013
1997-09-19,-0.63000,-0.1592
1997-09-26,-0.62000,-0.1609
1997-10-03,-0.60000,-0.2123
1997-10-10,-0.59000,-0.2442
1997-10-17,-0.56000,-0.2777
1997-10-24,-0.54000,-0.1876
1997-10-31,-0.51000,0.6148
1997-11-07,-0.49000,-0.1006
1997-11-14,-0.48000,0.2927
1997-11-21,-0.47000,-0.1796
1997-11-28,-0.47000,-0.1613
1997-12-05,-0.48000,-0.3453
1997-12-12,-0.49000,-0.0857
1997-12-19,-0.50000,-0.1083
1997-12-26,-0.52000,0.0836
1998-01-02,-0.54000,-0.5009
1998-01-09,-0.56000,0.2836
1998-01-16,-0.58000,-0.0889
1998-01-23,-0.60000,-0.2954
1998-01-30,-0.62000,-0.2668
1998-02-06,-0.63000,-0.3063
1998-02-13,-0.65000,-0.3660
1998-02-20,-0.66000,-0.3502
1998-02-27,-0.66000,-0.5283
1998-03-06,-0.66000,-0.3729
1998-03-13,-0.65000,-0.2520
1998-03-20,-0.65000,-0.4286
1998-03-27,-0.64000,-0.3799
1998-04-03,-0.63000,-0.2233
1998-04-10,-0.63000,-0.2268
1998-04-17,-0.62000,-0.3483
1998-04-24,-0.61000,-0.2574
1998-05-01,-0.61000,-0.1609
1998-05-08,-0.60000,-0.1414
1998-05-15,-0.59000,-0.4056
1998-05-22,-0.59000,-0.2784
1998-05-29,-0.58000,-0.1874
1998-06-05,-0.58000,-0.2364
1998-06-12,-0.57000,-0.2216
1998-06-19,-0.57000,-0.1464
1998-06-26,-0.57000,-0.2226
1998-07-03,-0.57000,-0.4547
1998-07-10,-0.57000,-0.1776
1998-07-17,-0.56000,-0.4906
1998-07-24,-0.55000,-0.2094
1998-07-31,-0.52000,-0.1682
1998-08-07,-0.49000,0.1099
1998-08-14,-0.43000,0.2382
1998-08-21,-0.37000,0.1652
1998-08-28,-0.31000,0.8314
1998-09-04,-0.24000,1.1417
1998-09-11,-0.18000,0.8144
1998-09-18,-0.12000,0.5508
1998-09-25,-0.07000,0.6520
1998-10-02,-0.02000,1.0013
1998-10-09,0.01000,1.8597
1998-10-16,0.02000,1.0561
1998-10-23,0.01000,0.8483
1998-10-30,-0.02000,0.6930
1998-11-06,-0.05000,0.3517
1998-11-13,-0.08000,0.5768
1998-11-20,-0.11000,0.2945
1998-11-27,-0.13000,-0.0609
1998-12-04,-0.15000,0.5326
1998-12-11,-0.16000,0.4190
1998-12-18,-0.18000,0.4738
1998-12-25,-0.20000,0.1059
1999-01-01,-0.22000,0.3481
1999-01-08,-0.24000,0.0718
1999-01-15,-0.26000,0.4738
1999-01-22,-0.27000,0.4584
1999-01-29,-0.29000,0.2208
1999-02-05,-0.31000,0.0981
1999-02-12,-0.33000,0.1754
1999-02-19,-0.36000,0.0347
1999-02-26,-0.38000,-0.0214
1999-03-05,-0.39000,0.0055
1999-03-12,-0.40000,0.0889
1999-03-19,-0.41000,0.0533
1999-03-26,-0.42000,0.0863
1999-04-02,-0.42000,0.0223
1999-04-09,-0.43000,0.1160
1999-04-16,-0.43000,-0.0462
1999-04-23,-0.43000,0.0124
1999-04-30,-0.44000,-0.1367
1999-05-07,-0.44000,-0.0675
1999-05-14,-0.43000,-0.0089
1999-05-21,-0.42000,0.1227
1999-05-28,-0.41000,0.2535
1999-06-04,-0.39000,0.0249
1999-06-11,-0.37000,0.0575
1999-06-18,-0.35000,0.1065
1999-06-25,-0.34000,-0.0125
1999-07-02,-0.32000,0.0505
1999-07-09,-0.29000,0.0673
1999-07-16,-0.27000,0.1923
1999-07-23,-0.24000,0.1798
1999-07-30,-0.21000,0.1681
1999-08-06,-0.19000,0.3294
1999-08-13,-0.17000,0.2031
1999-08-20,-0.16000,0.2020
1999-08-27,-0.15000,0.0902
1999-09-03,-0.14000,0.1412
1999-09-10,-0.13000,0.2763
1999-09-17,-0.12000,0.2842
1999-09-24,-0.10000,0.3376
1999-10-01,-0.09000,0.2434
1999-10-08,-0.08000,0.3581
1999-10-15,-0.08000,0.4600
1999-10-22,-0.09000,0.3523
1999-10-29,-0.10000,0.1432
1999-11-05,-0.13000,0.3224
1999-11-12,-0.15000,0.1544
1999-11-19,-0.17000,-0.0916
1999-11-26,-0.18000,-0.0229
1999-12-03,-0.17000,0.0894
1999-12-10,-0.17000,0.1862
1999-12-17,-0.16000,0.0208
1999-12-24,-0.16000,-0.0292
1999-12-31,-0.17000,0.2314
2000-01-07,-0.18000,-0.0930
2000-01-14,-0.19000,-0.1143
2000-01-21,-0.20000,-0.0548
2000-01-28,-0.21000,0.0466
2000-02-04,-0.21000,-0.0804
2000-02-11,-0.20000,0.0500
2000-02-18,-0.20000,0.1279
2000-02-25,-0.19000,0.2460
2000-03-03,-0.17000,-0.0497
2000-03-10,-0.15000,0.0152
2000-03-17,-0.13000,-0.0192
2000-03-24,-0.10000,-0.1508
2000-03-31,-0.08000,0.1772
2000-04-07,-0.06000,0.4390
2000-04-14,-0.05000,0.4233
2000-04-21,-0.04000,0.3621
2000-04-28,-0.02000,0.2159
2000-05-05,-0.01000,0.3541
2000-05-12,0.01000,0.4046
2000-05-19,0.03000,0.1942
2000-05-26,0.04000,0.5462
2000-06-02,0.05000,0.4560
2000-06-09,0.05000,0.4068
2000-06-16,0.04000,0.3605
2000-06-23,0.03000,0.3745
2000-06-30,0.01000,0.3201
2000-07-07,-0.01000,0.2701
2000-07-14,-0.04000,0.1083
2000-07-21,-0.08000,0.0228
2000-07-28,-0.11000,0.1066
2000-08-04,-0.14000,0.1110
2000-08-11,-0.16000,-0.0338
2000-08-18,-0.18000,-0.0420
2000-08-25,-0.19000,-0.0079
2000-09-01,-0.19000,-0.0992
2000-09-08,-0.20000,0.0421
2000-09-15,-0.20000,0.0362
2000-09-22,-0.19000,0.1902
2000-09-29,-0.19000,0.1050
2000-10-06,-0.18000,0.1418
2000-10-13,-0.17000,0.6386
2000-10-20,-0.16000,0.4457
2000-10-27,-0.16000,0.2720
2000-11-03,-0.15000,0.0693
2000-11-10,-0.14000,0.2426
2000-11-17,-0.13000,0.3841
2000-11-24,-0.10000,0.5083
2000-12-01,-0.08000,0.5621
2000-12-08,-0.06000,0.6259
2000-12-15,-0.05000,0.4352
2000-12-22,-0.05000,0.9021
2000-12-29,-0.08000,0.6664
2001-01-05,-0.11000,0.9117
2001-01-12,-0.16000,0.4521
2001-01-19,-0.20000,0.2380
2001-01-26,-0.23000,0.2115
2001-02-02,-0.26000,0.3941
2001-02-09,-0.28000,0.3423
2001-02-16,-0.29000,0.2416
2001-02-23,-0.28000,0.6088
2001-03-02,-0.28000,0.5468
2001-03-09,-0.27000,0.3715
2001-03-16,-0.26000,0.7510
2001-03-23,-0.25000,1.0120
2001-03-30,-0.25000,0.4541
2001-04-06,-0.26000,0.9834
2001-04-13,-0.28000,0.6503
2001-04-20,-0.30000,0.5432
2001-04-27,-0.33000,0.7148
2001-05-04,-0.36000,0.2671
2001-05-11,-0.39000,0.3682
2001-05-18,-0.41000,0.3468
2001-05-25,-0.42000,0.3180
2001-06-01,-0.43000,0.3571
2001-06-08,-0.44000,0.3692
2001-06-15,-0.44000,0.4190
2001-06-22,-0.45000,0.4554
2001-06-29,-0.46000,0.2436
2001-07-06,-0.47000,0.1938
2001-07-13,-0.48000,0.5093
2001-07-20,-0.49000,0.4144
2001-07-27,-0.50000,0.2832
2001-08-03,-0.51000,0.2088
2001-08-10,-0.51000,0.2246
2001-08-17,-0.50000,0.3473
2001-08-24,-0.47000,0.4287
2001-08-31,-0.43000,0.3615
2001-09-07,-0.39000,0.4398
2001-09-14,-0.36000,1.4679
2001-09-21,-0.33000,1.9187
2001-09-28,-0.33000,0.6754
2001-10-05,-0.34000,1.0979
2001-10-12,-0.36000,0.7796
2001-10-19,-0.38000,0.7177
2001-10-26,-0.40000,0.6886
2001-11-02,-0.41000,1.0328
2001-11-09,-0.42000,0.8145
2001-11-16,-0.41000,0.2461
2001-11-23,-0.40000,0.4010
2001-11-30,-0.38000,0.6315
2001-12-07,-0.36000,0.7135
2001-12-14,-0.35000,0.6805
2001-12-21,-0.35000,0.6963
2001-12-28,-0.36000,0.5268
2002-01-04,-0.39000,0.5034
2002-01-11,-0.42000,0.5110
2002-01-18,-0.45000,0.5568
2002-01-25,-0.47000,0.2629
2002-02-01,-0.49000,0.4459
2002-02-08,-0.49000,0.6303
2002-02-15,-0.50000,0.3065
2002-02-22,-0.50000,0.4902
2002-03-01,-0.50000,0.3107
2002-03-08,-0.50000,0.0837
2002-03-15,-0.50000,0.0580
2002-03-22,-0.51000,0.2150
2002-03-29,-0.51000,0.2830
2002-04-05,-0.52000,0.3970
2002-04-12,-0.54000,0.3717
2002-04-19,-0.57000,0.2472
2002-04-26,-0.59000,0.3358
2002-05-03,-0.61000,0.2128
2002-05-10,-0.63000,0.2877
2002-05-17,-0.64000,0.0711
2002-05-24,-0.64000,0.3194
2002-05-31,-0.63000,0.2943
2002-06-07,-0.61000,0.4724
2002-06-14,-0.59000,0.5801
2002-06-21,-0.57000,0.6111
2002-06-28,-0.55000,0.9034
2002-07-05,-0.52000,0.7091
2002-07-12,-0.49000,0.8744
2002-07-19,-0.47000,0.9744
2002-07-26,-0.45000,1.4730
2002-08-02,-0.44000,0.8540
2002-08-09,-0.43000,1.2769
2002-08-16,-0.42000,1.0117
2002-08-23,-0.42000,0.7883
2002-08-30,-0.41000,0.7883
2002-09-06,-0.40000,1.3041
2002-09-13,-0.39000,0.9239
2002-09-20,-0.37000,1.2527
2002-09-27,-0.37000,1.3740
2002-10-04,-0.36000,1.1983
2002-10-11,-0.37000,1.4591
2002-10-18,-0.38000,0.6209
2002-10-25,-0.40000,0.9070
2002-11-01,-0.42000,1.1947
2002-11-08,-0.43000,0.9917
2002-11-15,-0.45000,0.9537
2002-11-22,-0.46000,0.4400
2002-11-29,-0.47000,0.5876
2002-12-06,-0.47000,0.8047
2002-12-13,-0.47000,0.8402
2002-12-20,-0.47000,0.6012
2002-12-27,-0.48000,0.8613
2003-01-03,-0.49000,0.8368
2003-01-10,-0.51000,0.3685
2003-01-17,-0.52000,0.5856
2003-01-24,-0.53000,0.8760
2003-01-31,-0.54000,0.8282
2003-02-07,-0.54000,0.8734
2003-02-14,-0.54000,0.8216
2003-02-21,-0.54000,0.6043
2003-02-28,-0.55000,0.6158
2003-03-07,-0.55000,0.6795
2003-03-14,-0.56000,0.7105
2003-03-21,-0.58000,0.3227
2003-03-28,-0.60000,0.5810
2003-04-04,-0.62000,0.5003
2003-04-11,-0.65000,0.3494
2003-04-18,-0.68000,0.1831
2003-04-25,-0.70000,0.1922
2003-05-02,-0.72000,0.1579
2003-05-09,-0.73000,0.2026
2003-05-16,-0.74000,0.3122
2003-05-23,-0.73000,0.5493
2003-05-30,-0.73000,0.3241
2003-06-06,-0.73000,0.2682
2003-06-13,-0.73000,0.3459
2003-06-20,-0.73000,0.1372
2003-06-27,-0.73000,0.3416
2003-07-04,-0.74000,0.2670
2003-07-11,-0.74000,0.1507
2003-07-18,-0.73000,0.0016
2003-07-25,-0.72000,0.0197
2003-08-01,-0.71000,0.1676
2003-08-08,-0.70000,0.4718
2003-08-15,-0.68000,0.0701
2003-08-22,-0.67000,0.1114
2003-08-29,-0.67000,0.0067
2003-09-05,-0.67000,0.0450
2003-09-12,-0.67000,0.1749
2003-09-19,-0.68000,-0.1303
2003-09-26,-0.69000,-0.0303
2003-10-03,-0.70000,0.0749
2003-10-10,-0.70000,-0.2751
2003-10-17,-0.71000,-0.4409
2003-10-24,-0.72000,-0.1443
2003-10-31,-0.72000,-0.2898
2003-11-07,-0.73000,-0.3861
2003-11-14,-0.73000,-0.2586
2003-11-21,-0.73000,-0.0981
2003-11-28,-0.73000,-0.4346
2003-12-05,-0.72000,-0.3516
2003-12-12,-0.72000,-0.2801
2003-12-19,-0.72000,-0.2846
2003-12-26,-0.73000,-0.2934
2004-01-02,-0.74000,-0.3520
2004-01-09,-0.76000,-0.4102
2004-01-16,-0.77000,-0.3582
2004-01-23,-0.78000,-0.5122
2004-01-30,-0.80000,-0.4656
2004-02-06,-0.81000,-0.4133
2004-02-13,-0.82000,-0.4849
2004-02-20,-0.82000,-0.5313
2004-02-27,-0.83000,-0.5485
2004-03-05,-0.83000,-0.6959
2004-03-12,-0.82000,-0.3173
2004-03-19,-0.82000,-0.4065
2004-03-26,-0.82000,-0.3650
2004-04-02,-0.81000,-0.7406
2004-04-09,-0.80000,-0.6888
2004-04-16,-0.79000,-0.5548
2004-04-23,-0.77000,-0.5250
2004-04-30,-0.75000,-0.4756
2004-05-07,-0.73000,-0.4835
2004-05-14,-0.72000,-0.4145
2004-05-21,-0.71000,-0.4920
2004-05-28,-0.70000,-0.6151
2004-06-04,-0.70000,-0.6228
2004-06-11,-0.70000,-0.8024
2004-06-18,-0.70000,-0.5685
2004-06-25,-0.69000,-0.5751
2004-07-02,-0.69000,-0.5495
2004-07-09,-0.70000,-0.4217
2004-07-16,-0.70000,-0.5993
2004-07-23,-0.70000,-0.6019
2004-07-30,-0.70000,-0.6137
2004-08-06,-0.70000,-0.3363
2004-08-13,-0.70000,-0.5100
2004-08-20,-0.70000,-0.5409
2004-08-27,-0.71000,-0.6798
2004-09-03,-0.71000,-0.5799
2004-09-10,-0.71000,-0.7064
2004-09-17,-0.71000,-0.6422
2004-09-24,-0.71000,-0.6669
2004-10-01,-0.71000,-0.6808
2004-10-08,-0.71000,-0.6702
2004-10-15,-0.71000,-0.4635
2004-10-22,-0.71000,-0.5374
2004-10-29,-0.71000,-0.7126
2004-11-05,-0.72000,-0.8513
2004-11-12,-0.72000,-0.9107
2004-11-19,-0.72000,-0.8030
2004-11-26,-0.72000,-0.8790
2004-12-03,-0.72000,-0.7885
2004-12-10,-0.72000,-0.7155
2004-12-17,-0.72000,-0.9394
2004-12-24,-0.71000,-0.8874
2004-12-31,-0.71000,-0.8908
2005-01-07,-0.71000,-0.7752
2005-01-14,-0.71000,-0.7423
2005-01-21,-0.71000,-0.7414
2005-01-28,-0.72000,-0.8248
2005-02-04,-0.72000,-0.9117
2005-02-11,-0.73000,-0.8614
2005-02-18,-0.73000,-1.0081
2005-02-25,-0.73000,-1.0255
2005-03-04,-0.72000,-0.9803
2005-03-11,-0.71000,-0.9981
2005-03-18,-0.69000,-0.8440
2005-03-25,-0.68000,-0.8004
2005-04-01,-0.66000,-0.7434
2005-04-08,-0.65000,-0.7459
2005-04-15,-0.64000,-0.6974
2005-04-22,-0.63000,-0.6230
2005-04-29,-0.62000,-0.7908
2005-05-06,-0.62000,-0.8017
2005-05-13,-0.61000,-0.6483
2005-05-20,-0.61000,-0.5347
2005-05-27,-0.61000,-0.8247
2005-06-03,-0.62000,-0.7046
2005-06-10,-0.62000,-0.7349
2005-06-17,-0.62000,-0.8571
2005-06-24,-0.62000,-0.6896
2005-07-01,-0.63000,-0.8232
2005-07-08,-0.63000,-0.7915
2005-07-15,-0.63000,-0.9434
2005-07-22,-0.64000,-0.8916
2005-07-29,-0.64000,-0.9699
2005-08-05,-0.63000,-0.9681
2005-08-12,-0.63000,-0.9279
2005-08-19,-0.62000,-0.8180
2005-08-26,-0.62000,-0.8391
2005-09-02,-0.61000,-0.6499
2005-09-09,-0.60000,-0.8747
2005-09-16,-0.59000,-0.8866
2005-09-23,-0.58000,-0.8288
2005-09-30,-0.58000,-0.8985
2005-10-07,-0.58000,-0.7616
2005-10-14,-0.58000,-0.6316
2005-10-21,-0.58000,-0.8656
2005-10-28,-0.59000,-0.9200
2005-11-04,-0.59000,-0.9515
2005-11-11,-0.60000,-0.8654
2005-11-18,-0.59000,-0.7403
2005-11-25,-0.59000,-0.7931
2005-12-02,-0.58000,-0.7584
2005-12-09,-0.57000,-0.7515
2005-12-16,-0.57000,-0.7577
2005-12-23,-0.57000,-0.7183
2005-12-30,-0.58000,-0.6678
2006-01-06,-0.58000,-0.8721
2006-01-13,-0.60000,-1.0312
2006-01-20,-0.61000,-0.8456
2006-01-27,-0.62000,-1.0448
2006-02-03,-0.64000,-1.1049
2006-02-10,-0.64000,-0.9567
2006-02-17,-0.65000,-1.0557
2006-02-24,-0.65000,-1.1289
2006-03-03,-0.65000,-1.1089
2006-03-10,-0.65000,-1.0191
2006-03-17,-0.64000,-1.0325
2006-03-24,-0.64000,-1.0809
2006-03-31,-0.64000,-1.0994
2006-04-07,-0.64000,-1.0674
2006-04-14,-0.64000,-1.0024
2006-04-21,-0.64000,-1.0642
2006-04-28,-0.64000,-1.1301
2006-05-05,-0.63000,-1.1378
2006-05-12,-0.63000,-1.1399
2006-05-19,-0.62000,-0.9108
2006-05-26,-0.61000,-0.8097
2006-06-02,-0.59000,-0.9589
2006-06-09,-0.58000,-0.8110
2006-06-16,-0.56000,-0.7775
2006-06-23,-0.55000,-0.8696
2006-06-30,-0.55000,-0.8952
2006-07-07,-0.54000,-0.9981
2006-07-14,-0.55000,-0.7937
2006-07-21,-0.56000,-0.8011
2006-07-28,-0.57000,-0.9472
2006-08-04,-0.58000,-0.8955
2006-08-11,-0.60000,-0.9404
2006-08-18,-0.61000,-1.0415
2006-08-25,-0.62000,-0.9842
2006-09-01,-0.62000,-0.9600
2006-09-08,-0.62000,-0.9379
2006-09-15,-0.62000,-0.9681
2006-09-22,-0.62000,-0.8360
2006-09-29,-0.62000,-0.8016
2006-10-06,-0.62000,-0.8755
2006-10-13,-0.63000,-1.0910
2006-10-20,-0.64000,-0.9918
2006-10-27,-0.64000,-1.0241
2006-11-03,-0.65000,-0.8776
2006-11-10,-0.65000,-1.0298
2006-11-17,-0.65000,-1.0154
2006-11-24,-0.64000,-0.9416
2006-12-01,-0.64000,-0.8005
2006-12-08,-0.64000,-0.9293
2006-12-15,-0.64000,-1.0345
2006-12-22,-0.64000,-0.9663
2006-12-29,-0.65000,-1.0077
2007-01-05,-0.66000,-0.9004
2007-01-12,-0.68000,-1.0258
2007-01-19,-0.69000,-1.1360
2007-01-26,-0.70000,-1.1663
2007-02-02,-0.71000,-1.1181
2007-02-09,-0.70000,-1.0894
2007-02-16,-0.70000,-1.1218
2007-02-23,-0.68000,-1.1357
2007-03-02,-0.66000,-0.6810
2007-03-09,-0.65000,-0.8067
2007-03-16,-0.63000,-0.8748
2007-03-23,-0.62000,-1.0447
2007-03-30,-0.62000,-0.9845
2007-04-06,-0.62000,-0.9916
2007-04-13,-0.62000,-1.0671
2007-04-20,-0.61000,-1.0379
2007-04-27,-0.60000,-1.0237
2007-05-04,-0.59000,-0.9385
2007-05-11,-0.58000,-0.9957
2007-05-18,-0.57000,-0.9799
2007-05-25,-0.57000,-1.0253
2007-06-01,-0.56000,-0.9671
2007-06-08,-0.56000,-0.8591
2007-06-15,-0.55000,-0.7938
2007-06-22,-0.54000,-0.6974
2007-06-29,-0.53000,-0.5798
2007-07-06,-0.51000,-0.8097
2007-07-13,-0.48000,-0.7225
2007-07-20,-0.41000,-0.6977
2007-07-27,-0.31000,-0.1586
2007-08-03,-0.18000,-0.0293
2007-08-10,-0.03000,0.0782
2007-08-17,0.12000,1.1630
2007-08-24,0.24000,1.2082
2007-08-31,0.32000,0.9378
2007-09-07,0.33000,1.4055
2007-09-14,0.30000,1.4967
2007-09-21,0.22000,0.6189
2007-09-28,0.14000,0.6343
2007-10-05,0.06000,0.5678
2007-10-12,0.01000,0.2646
2007-10-19,0.00000,0.6820
2007-10-26,0.03000,0.7695
2007-11-02,0.10000,0.4058
2007-11-09,0.21000,1.0908
2007-11-16,0.33000,1.1019
2007-11-23,0.47000,1.8625
2007-11-30,0.58000,1.9681
2007-12-07,0.65000,1.8494
2007-12-14,0.67000,1.7786
2007-12-21,0.64000,1.6895
2007-12-28,0.58000,1.2256
2008-01-04,0.51000,1.6089
2008-01-11,0.45000,1.2271
2008-01-18,0.42000,0.9398
2008-01-25,0.43000,1.5847
2008-02-01,0.46000,0.8841
2008-02-08,0.52000,1.4383
2008-02-15,0.60000,1.1931
2008-02-22,0.70000,1.0376
2008-02-29,0.80000,1.3586
2008-03-07,0.90000,2.3740
2008-03-14,0.96000,1.9421
2008-03-21,0.98000,2.2963
2008-03-28,0.94000,1.5358
2008-04-04,0.88000,1.6086
2008-04-11,0.79000,1.7641
2008-04-18,0.71000,1.7569
2008-04-25,0.63000,1.5449
2008-05-02,0.55000,1.2724
2008-05-09,0.50000,1.1677
2008-05-16,0.46000,0.9265
2008-05-23,0.44000,0.8624
2008-05-30,0.46000,0.8352
2008-06-06,0.50000,1.2446
2008-06-13,0.56000,1.0843
2008-06-20,0.64000,1.1748
2008-06-27,0.70000,1.6635
2008-07-04,0.73000,1.7477
2008-07-11,0.73000,1.7012
2008-07-18,0.72000,1.6259
2008-07-25,0.68000,1.0672
2008-08-01,0.66000,1.5756
2008-08-08,0.65000,1.4523
2008-08-15,0.66000,1.4399
2008-08-22,0.71000,1.6917
2008-08-29,0.80000,1.4526
2008-09-05,0.96000,1.7261
2008-09-12,1.18000,1.8682
2008-09-19,1.47000,3.9853
2008-09-26,1.78000,4.3030
2008-10-03,2.07000,7.0142
2008-10-10,2.29000,9.2577
2008-10-17,2.42000,9.1296
2008-10-24,2.47000,7.7770
2008-10-31,2.50000,7.4365
2008-11-07,2.53000,6.0148
2008-11-14,2.59000,5.7681
2008-11-21,2.67000,7.4516
2008-11-28,2.71000,6.6275
2008-12-05,2.70000,6.8038
2008-12-12,2.62000,6.3132
2008-12-19,2.48000,5.8101
2008-12-26,2.30000,4.6000
2009-01-02,2.15000,4.7224
2009-01-09,2.02000,3.5062
2009-01-16,1.92000,3.6689
2009-01-23,1.84000,4.0832
2009-01-30,1.79000,3.8158
2009-02-06,1.77000,3.3854
2009-02-13,1.78000,3.4396
2009-02-20,1.82000,4.0067
2009-02-27,1.87000,3.9460
2009-03-06,1.92000,4.5840
2009-03-13,1.92000,3.7388
2009-03-20,1.86000,3.1924
2009-03-27,1.77000,3.0562
2009-04-03,1.64000,2.9037
2009-04-10,1.51000,2.6310
2009-04-17,1.39000,2.4584
2009-04-24,1.27000,2.6720
2009-05-01,1.15000,2.1848
2009-05-08,1.03000,1.4533
2009-05-15,0.93000,1.9561
2009-05-22,0.85000,1.4547
2009-05-29,0.79000,1.2375
2009-06-05,0.76000,1.1248
2009-06-12,0.74000,0.8862
2009-06-19,0.73000,1.5370
2009-06-26,0.70000,1.5890
2009-07-03,0.66000,1.1461
2009-07-10,0.59000,1.3935
2009-07-17,0.51000,0.8922
2009-07-24,0.43000,0.6924
2009-07-31,0.36000,0.4465
2009-08-07,0.30000,0.1119
2009-08-14,0.25000,0.7348
2009-08-21,0.22000,0.9166
2009-08-28,0.18000,0.4832
2009-09-04,0.15000,0.6594
2009-09-11,0.12000,0.2848
2009-09-18,0.08000,-0.0246
2009-09-25,0.06000,0.1246
2009-10-02,0.04000,0.3856
2009-10-09,0.02000,0.2142
2009-10-16,0.01000,0.0379
2009-10-23,0.00000,0.1270
2009-10-30,-0.01000,0.3323
2009-11-06,-0.02000,0.3125
2009-11-13,-0.03000,-0.0250
2009-11-20,-0.05000,0.1154
2009-11-27,-0.07000,0.0896
2009-12-04,-0.09000,-0.0188
2009-12-11,-0.12000,-0.0994
2009-12-18,-0.15000,-0.2279
2009-12-25,-0.18000,-0.3437
2010-01-01,-0.21000,-0.2983
2010-01-08,-0.23000,-0.4424
2010-01-15,-0.23000,-0.3978
2010-01-22,-0.23000,-0.1293
2010-01-29,-0.22000,-0.0249
2010-02-05,-0.21000,-0.1269
2010-02-12,-0.22000,0.0176
2010-02-19,-0.25000,-0.3014
2010-02-26,-0.28000,-0.2801
2010-03-05,-0.33000,-0.3240
2010-03-12,-0.38000,-0.6448
2010-03-19,-0.43000,-0.4889
2010-03-26,-0.47000,-0.4877
2010-04-02,-0.50000,-0.4367
2010-04-09,-0.51000,-0.5417
2010-04-16,-0.50000,-0.4884
2010-04-23,-0.47000,-0.4747
2010-04-30,-0.40000,-0.2522
2010-05-07,-0.32000,0.3789
2010-05-14,-0.23000,0.2622
2010-05-21,-0.15000,0.9159
2010-05-28,-0.09000,0.9213
2010-06-04,-0.06000,0.7084
2010-06-11,-0.06000,0.8843
2010-06-18,-0.08000,0.4065
2010-06-25,-0.11000,0.5154
2010-07-02,-0.14000,0.8749
2010-07-09,-0.19000,0.4629
2010-07-16,-0.24000,0.2620
2010-07-23,-0.28000,0.4295
2010-07-30,-0.31000,0.0813
2010-08-06,-0.32000,0.1359
2010-08-13,-0.32000,0.3519
2010-08-20,-0.32000,0.3977
2010-08-27,-0.31000,0.3877
2010-09-03,-0.31000,0.1909
2010-09-10,-0.33000,-0.0381
2010-09-17,-0.35000,-0.0682
2010-09-24,-0.38000,0.0393
2010-10-01,-0.40000,0.0549
2010-10-08,-0.43000,-0.0569
2010-10-15,-0.45000,-0.2801
2010-10-22,-0.47000,-0.1459
2010-10-29,-0.48000,-0.3027
2010-11-05,-0.49000,-0.1954
2010-11-12,-0.49000,-0.3418
2010-11-19,-0.49000,-0.0939
2010-11-26,-0.49000,-0.0281
2010-12-03,-0.49000,-0.0918
2010-12-10,-0.50000,-0.3869
2010-12-17,-0.52000,-0.3011
2010-12-24,-0.54000,-0.2994
2010-12-31,-0.56000,-0.3028
2011-01-07,-0.59000,-0.3859
2011-01-14,-0.60000,-0.3633
2011-01-21,-0.62000,-0.3998
2011-01-28,-0.63000,-0.3265
2011-02-04,-0.64000,-0.4732
2011-02-11,-0.64000,-0.5535
2011-02-18,-0.63000,-0.3629
2011-02-25,-0.61000,-0.1308
2011-03-04,-0.59000,-0.2975
2011-03-11,-0.58000,-0.3067
2011-03-18,-0.57000,0.0414
2011-03-25,-0.58000,-0.4127
2011-04-01,-0.59000,-0.4324
2011-04-08,-0.61000,-0.4963
2011-04-15,-0.62000,-0.4385
2011-04-22,-0.63000,-0.4452
2011-04-29,-0.63000,-0.5651
2011-05-06,-0.62000,-0.3752
2011-05-13,-0.61000,-0.4154
2011-05-20,-0.60000,-0.3715
2011-05-27,-0.58000,-0.3408
2011-06-03,-0.56000,-0.2583
2011-06-10,-0.54000,-0.2113
2011-06-17,-0.53000,-0.2022
2011-06-24,-0.52000,-0.1833
2011-07-01,-0.52000,-0.4938
2011-07-08,-0.52000,-0.4185
2011-07-15,-0.50000,-0.0524
2011-07-22,-0.47000,-0.3639
2011-07-29,-0.41000,-0.3299
2011-08-05,-0.33000,0.3394
2011-08-12,-0.24000,1.2630
2011-08-19,-0.17000,0.4653
2011-08-26,-0.10000,0.7711
2011-09-02,-0.06000,0.4351
2011-09-09,-0.02000,0.8506
2011-09-16,0.00000,0.6707
2011-09-23,0.02000,1.0400
2011-09-30,0.02000,1.0207
2011-10-07,0.01000,1.2861
2011-10-14,-0.01000,0.3415
2011-10-21,-0.04000,0.5906
2011-10-28,-0.06000,0.2240
2011-11-04,-0.05000,0.8179
2011-11-11,-0.04000,0.6949
2011-11-18,-0.02000,0.9306
2011-11-25,0.00000,1.1458
2011-12-02,0.01000,0.5735
2011-12-09,0.00000,0.5433
2011-12-16,-0.02000,0.8158
2011-12-23,-0.05000,0.5546
2011-12-30,-0.09000,0.5664
2012-01-06,-0.13000,0.4361
2012-01-13,-0.19000,0.4854
2012-01-20,-0.24000,0.3414
2012-01-27,-0.30000,0.2242
2012-02-03,-0.34000,0.2323
2012-02-10,-0.36000,-0.0014
2012-02-17,-0.37000,0.1215
2012-02-24,-0.38000,-0.0144
2012-03-02,-0.40000,-0.0158
2012-03-09,-0.41000,0.0805
2012-03-16,-0.43000,-0.3104
2012-03-23,-0.44000,-0.1649
2012-03-30,-0.43000,-0.0298
2012-04-06,-0.42000,-0.0107
2012-04-13,-0.41000,0.2332
2012-04-20,-0.39000,-0.0272
2012-04-27,-0.37000,-0.0767
2012-05-04,-0.34000,-0.1330
2012-05-11,-0.31000,0.0379
2012-05-18,-0.27000,0.3817
2012-05-25,-0.24000,0.2731
2012-06-01,-0.21000,0.3948
2012-06-08,-0.20000,0.3498
2012-06-15,-0.21000,0.1385
2012-06-22,-0.23000,-0.0181
2012-06-29,-0.26000,0.0457
2012-07-06,-0.28000,-0.0347
2012-07-13,-0.30000,0.0790
2012-07-20,-0.32000,-0.0904
2012-07-27,-0.34000,0.0435
2012-08-03,-0.36000,-0.2086
2012-08-10,-0.38000,-0.2625
2012-08-17,-0.40000,-0.2007
2012-08-24,-0.42000,-0.2208
2012-08-31,-0.44000,-0.1162
2012-09-07,-0.46000,-0.2614
2012-09-14,-0.48000,-0.5560
2012-09-21,-0.50000,-0.5875
2012-09-28,-0.52000,-0.2564
2012-10-05,-0.53000,-0.4866
2012-10-12,-0.54000,-0.5260
2012-10-19,-0.54000,-0.6613
2012-10-26,-0.54000,-0.4091
2012-11-02,-0.53000,-0.3818
2012-11-09,-0.53000,-0.3573
2012-11-16,-0.53000,-0.2463
2012-11-23,-0.54000,-0.6074
2012-11-30,-0.54000,-0.5307
2012-12-07,-0.55000,-0.5748
2012-12-14,-0.56000,-0.6476
2012-12-21,-0.58000,-0.6409
2012-12-28,-0.59000,-0.4135
2013-01-04,-0.61000,-0.7029
2013-01-11,-0.62000,-0.6749
2013-01-18,-0.64000,-0.6817
2013-01-25,-0.64000,-0.7235
2013-02-01,-0.64000,-0.6498
2013-02-08,-0.64000,-0.5845
2013-02-15,-0.64000,-0.7222
2013-02-22,-0.65000,-0.6761
2013-03-01,-0.65000,-0.5465
2013-03-08,-0.65000,-0.8136
2013-03-15,-0.66000,-0.8520
2013-03-22,-0.66000,-0.6153
2013-03-29,-0.67000,-0.6751
2013-04-05,-0.68000,-0.5864
2013-04-12,-0.69000,-0.7615
2013-04-19,-0.70000,-0.5378
2013-04-26,-0.72000,-0.7375
2013-05-03,-0.73000,-0.7128
2013-05-10,-0.74000,-0.8458
2013-05-17,-0.74000,-0.6922
2013-05-24,-0.73000,-0.6003
2013-05-31,-0.71000,-0.4602
2013-06-07,-0.68000,-0.1629
2013-06-14,-0.66000,-0.2339
2013-06-21,-0.64000,-0.2120
2013-06-28,-0.63000,-0.0482
2013-07-05,-0.64000,-0.2026
2013-07-12,-0.65000,-0.3889
2013-07-19,-0.66000,-0.5440
2013-07-26,-0.68000,-0.5485
2013-08-02,-0.68000,-0.4431
2013-08-09,-0.69000,-0.4704
2013-08-16,-0.68000,-0.4557
2013-08-23,-0.68000,-0.2900
2013-08-30,-0.67000,-0.2123
2013-09-06,-0.67000,-0.3461
2013-09-13,-0.68000,-0.3885
2013-09-20,-0.69000,-0.4789
2013-09-27,-0.70000,-0.3829
2013-10-04,-0.71000,-0.3287
2013-10-11,-0.72000,-0.4598
2013-10-18,-0.74000,-0.6058
2013-10-25,-0.75000,-0.6156
2013-11-01,-0.77000,-0.5957
2013-11-08,-0.78000,-0.5980
2013-11-15,-0.79000,-0.6430
2013-11-22,-0.80000,-0.6994
2013-11-29,-0.81000,-0.6346
2013-12-06,-0.81000,-0.5365
2013-12-13,-0.81000,-0.5654
2013-12-20,-0.82000,-0.6303
2013-12-27,-0.82000,-0.7522
2014-01-03,-0.81000,-0.6254
2014-01-10,-0.81000,-0.6881
2014-01-17,-0.80000,-0.6820
2014-01-24,-0.79000,-0.5950
2014-01-31,-0.78000,-0.4054
2014-02-07,-0.78000,-0.4146
2014-02-14,-0.78000,-0.7617
2014-02-21,-0.79000,-0.6432
2014-02-28,-0.80000,-0.6889
2014-03-07,-0.80000,-0.6921
2014-03-14,-0.80000,-0.6420
2014-03-21,-0.80000,-0.6815
2014-03-28,-0.80000,-0.6716
2014-04-04,-0.80000,-0.6771
2014-04-11,-0.79000,-0.5536
2014-04-18,-0.79000,-0.6747
2014-04-25,-0.79000,-0.7889
2014-05-02,-0.79000,-0.7103
2014-05-09,-0.79000,-0.7031
2014-05-16,-0.80000,-0.7473
2014-05-23,-0.81000,-0.7569
2014-05-30,-0.81000,-0.8013
2014-06-06,-0.82000,-0.8598
2014-06-13,-0.82000,-0.8607
2014-06-20,-0.82000,-0.8827
2014-06-27,-0.82000,-0.8310
2014-07-04,-0.81000,-0.8399
2014-07-11,-0.80000,-0.7695
2014-07-18,-0.79000,-0.7217
2014-07-25,-0.78000,-0.7374
2014-08-01,-0.77000,-0.6485
2014-08-08,-0.76000,-0.4753
2014-08-15,-0.76000,-0.7100
2014-08-22,-0.75000,-0.7775
2014-08-29,-0.75000,-0.7122
2014-09-05,-0.74000,-0.6941
2014-09-12,-0.73000,-0.6169
2014-09-19,-0.71000,-0.6195
2014-09-26,-0.69000,-0.4091
2014-10-03,-0.67000,-0.3801
2014-10-10,-0.66000,-0.3346
2014-10-17,-0.65000,0.1126
2014-10-24,-0.65000,-0.5156
2014-10-31,-0.66000,-0.5421
2014-11-07,-0.67000,-0.5253
2014-11-14,-0.68000,-0.5085
2014-11-21,-0.68000,-0.3703
2014-11-28,-0.67000,-0.4417
2014-12-05,-0.65000,-0.3774
2014-12-12,-0.63000,-0.1075
2014-12-19,-0.61000,-0.0164
2014-12-26,-0.59000,-0.5283
2015-01-02,-0.57000,-0.1681
2015-01-09,-0.55000,0.0970
2015-01-16,-0.53000,0.1108
2015-01-23,-0.52000,-0.0786
2015-01-30,-0.52000,-0.0365
2015-02-06,-0.52000,-0.2385
2015-02-13,-0.53000,-0.3759
2015-02-20,-0.54000,-0.3260
2015-02-27,-0.55000,-0.2577
2015-03-06,-0.56000,-0.3598
2015-03-13,-0.56000,-0.1986
2015-03-20,-0.57000,-0.1718
2015-03-27,-0.57000,-0.2227
2015-04-03,-0.57000,-0.2350
2015-04-10,-0.58000,-0.4088
2015-04-17,-0.58000,-0.4041
2015-04-24,-0.58000,-0.4684
2015-05-01,-0.58000,-0.4633
2015-05-08,-0.57000,-0.4310
2015-05-15,-0.57000,-0.3726
2015-05-22,-0.57000,-0.3529
2015-05-29,-0.57000,-0.2387
2015-06-05,-0.57000,-0.3120
2015-06-12,-0.57000,-0.3202
2015-06-19,-0.56000,-0.2090
2015-06-26,-0.56000,-0.3835
2015-07-03,-0.55000,-0.0001
2015-07-10,-0.55000,-0.0619
2015-07-17,-0.54000,-0.4206
2015-07-24,-0.53000,-0.2420
2015-07-31,-0.52000,-0.1532
2015-08-07,-0.50000,-0.2016
2015-08-14,-0.47000,-0.1155
2015-08-21,-0.44000,0.1003
2015-08-28,-0.42000,0.5637
2015-09-04,-0.40000,0.2090
2015-09-11,-0.40000,0.1026
2015-09-18,-0.40000,0.1213
2015-09-25,-0.41000,0.3392
2015-10-02,-0.42000,0.6130
2015-10-09,-0.44000,0.0296
2015-10-16,-0.46000,0.0977
2015-10-23,-0.48000,-0.0477
2015-10-30,-0.49000,-0.0863
2015-11-06,-0.50000,-0.1892
2015-11-13,-0.49000,0.0145
2015-11-20,-0.48000,0.0463
2015-11-27,-0.47000,-0.0188
2015-12-04,-0.44000,0.0390
2015-12-11,-0.42000,0.3706
2015-12-18,-0.39000,0.4192
2015-12-25,-0.36000,0.2893
2016-01-01,-0.34000,0.2222
2016-01-08,-0.32000,0.6275
2016-01-15,-0.30000,0.7916
2016-01-22,-0.29000,0.8965
2016-01-29,-0.28000,0.4615
2016-02-05,-0.27000,0.6508
2016-02-12,-0.27000,1.1821
2016-02-19,-0.29000,0.4708
2016-02-26,-0.31000,0.4759
2016-03-04,-0.33000,0.1454
2016-03-11,-0.36000,0.1841
2016-03-18,-0.38000,0.0903
2016-03-25,-0.39000,0.0999
2016-04-01,-0.40000,0.3251
2016-04-08,-0.40000,0.2783
2016-04-15,-0.40000,0.0186
2016-04-22,-0.40000,-0.1057
2016-04-29,-0.40000,-0.0126
2016-05-06,-0.39000,0.2117
2016-05-13,-0.39000,0.1158
2016-05-20,-0.39000,-0.0183
2016-05-27,-0.38000,-0.0822
2016-06-03,-0.37000,0.0688
2016-06-10,-0.36000,0.1101
2016-06-17,-0.36000,0.5027
2016-06-24,-0.35000,0.1677
2016-07-01,-0.35000,0.5503
2016-07-08,-0.35000,0.1654
2016-07-15,-0.36000,-0.1904
2016-07-22,-0.36000,0.0056
2016-07-29,-0.37000,0.1657
2016-08-05,-0.37000,0.2725
2016-08-12,-0.37000,0.1351
2016-08-19,-0.37000,0.1122
2016-08-26,-0.36000,0.1897
2016-09-02,-0.35000,0.2027
2016-09-09,-0.35000,0.2108
2016-09-16,-0.34000,0.3834
2016-09-23,-0.33000,0.2615
2016-09-30,-0.34000,0.2504
2016-10-07,-0.34000,-0.0150
2016-10-14,-0.35000,0.1258
2016-10-21,-0.36000,0.1096
2016-10-28,-0.37000,0.0176
2016-11-04,-0.39000,0.4036
2016-11-11,-0.41000,-0.1202
2016-11-18,-0.42000,-0.1721
2016-11-25,-0.44000,-0.1981
2016-12-02,-0.45000,-0.0798
2016-12-09,-0.46000,-0.3252
2016-12-16,-0.47000,-0.2505
2016-12-23,-0.47000,-0.1648
2016-12-30,-0.48000,-0.1161
2017-01-06,-0.48000,-0.1436
2017-01-13,-0.49000,-0.1656
2017-01-20,-0.49000,-0.1616
2017-01-27,-0.50000,-0.2733
2017-02-03,-0.50000,-0.2045
2017-02-10,-0.50000,-0.2204
2017-02-17,-0.50000,-0.3767
2017-02-24,-0.50000,-0.2719
2017-03-03,-0.49000,-0.4663
2017-03-10,-0.49000,-0.4975
2017-03-17,-0.49000,-0.4332
2017-03-24,-0.48000,-0.2712
2017-03-31,-0.48000,-0.4649
2017-04-07,-0.49000,-0.4321
2017-04-14,-0.49000,-0.3038
2017-04-21,-0.50000,-0.2956
2017-04-28,-0.51000,-0.6560
2017-05-05,-0.52000,-0.5674
2017-05-12,-0.53000,-0.6757
2017-05-19,-0.54000,-0.5037
2017-05-26,-0.55000,-0.7066
2017-06-02,-0.56000,-0.6622
2017-06-09,-0.57000,-0.7614
2017-06-16,-0.57000,-0.7611
2017-06-23,-0.58000,-0.5316
2017-06-30,-0.58000,-0.6262
2017-07-07,-0.58000,-0.6774
2017-07-14,-0.59000,-0.6173
2017-07-21,-0.59000,-0.7221
2017-07-28,-0.59000,-0.7794
2017-08-04,-0.59000,-0.6669
2017-08-11,-0.58000,-0.5157
2017-08-18,-0.58000,-0.4945
2017-08-25,-0.57000,-0.5140
2017-09-01,-0.57000,-0.5601
2017-09-08,-0.57000,-0.4672
2017-09-15,-0.57000,-0.7468
2017-09-22,-0.58000,-0.7827
2017-09-29,-0.59000,-0.7206
2017-10-06,-0.59000,-0.7706
2017-10-13,-0.60000,-0.7203
2017-10-20,-0.61000,-0.7911
2017-10-27,-0.62000,-0.8120
2017-11-03,-0.62000,-0.7429
2017-11-10,-0.63000,-0.7298
2017-11-17,-0.63000,-0.7352
2017-11-24,-0.63000,-0.8714
2017-12-01,-0.63000,-0.8352
2017-12-08,-0.63000,-0.7615
2017-12-15,-0.63000,-0.7042
2017-12-22,-0.64000,-0.6884
2017-12-29,-0.64000,-0.5597
2018-01-05,-0.65000,-0.6925
2018-01-12,-0.65000,-0.7699
2018-01-19,-0.64000,-0.7105
2018-01-26,-0.63000,-0.7186
2018-02-02,-0.61000,-0.5750
2018-02-09,-0.58000,0.0313
2018-02-16,-0.57000,-0.3252
2018-02-23,-0.55000,-0.4229
2018-03-02,-0.54000,-0.1340
2018-03-09,-0.52000,-0.1716
2018-03-16,-0.51000,-0.0949
2018-03-23,-0.50000,0.1685
2018-03-30,-0.49000,0.2596
2018-04-06,-0.49000,0.2460
2018-04-13,-0.50000,0.0524
2018-04-20,-0.52000,-0.1556
2018-04-27,-0.53000,-0.1187
2018-05-04,-0.54000,-0.0504
2018-05-11,-0.55000,-0.2987
2018-05-18,-0.55000,-0.3793
2018-05-25,-0.55000,-0.2897
2018-06-01,-0.55000,0.0284
2018-06-08,-0.54000,-0.4748
2018-06-15,-0.53000,-0.3966
2018-06-22,-0.53000,-0.3306
2018-06-29,-0.53000,-0.1255
2018-07-06,-0.53000,-0.2646
2018-07-13,-0.53000,-0.4938
2018-07-20,-0.54000,-0.5219
2018-07-27,-0.56000,-0.6208
2018-08-03,-0.57000,-0.5036
2018-08-10,-0.58000,-0.5880
2018-08-17,-0.58000,-0.4682
2018-08-24,-0.59000,-0.6796
2018-08-31,-0.59000,-0.7276
2018-09-07,-0.59000,-0.6506
2018-09-14,-0.60000,-0.7863
2018-09-21,-0.59000,-0.8922
2018-09-28,-0.59000,-0.8154
2018-10-05,-0.58000,-0.8450
2018-10-12,-0.56000,-0.4971
2018-10-19,-0.55000,-0.5651
2018-10-26,-0.53000,-0.2622
2018-11-02,-0.52000,-0.2902
2018-11-09,-0.50000,-0.5493
2018-11-16,-0.48000,-0.0644
2018-11-23,-0.46000,0.0050
2018-11-30,-0.43000,-0.2114
2018-12-07,-0.41000,0.1455
2018-12-14,-0.39000,0.1881
2018-12-21,-0.38000,0.4734
2018-12-28,-0.39000,0.5955
2019-01-04,-0.40000,0.2510
2019-01-11,-0.43000,-0.2615
2019-01-18,-0.46000,-0.2182
2019-01-25,-0.48000,-0.1870
2019-02-01,-0.51000,-0.1961
2019-02-08,-0.53000,-0.3402
2019-02-15,-0.55000,-0.4144
2019-02-22,-0.57000,-0.5717
2019-03-01,-0.58000,-0.6402
2019-03-08,-0.59000,-0.5167
2019-03-15,-0.59000,-0.6041
2019-03-22,-0.59000,-0.6129
2019-03-29,-0.60000,-0.3294
2019-04-05,-0.60000,-0.7396
2019-04-12,-0.61000,-0.7055
2019-04-19,-0.61000,-0.8289
2019-04-26,-0.61000,-0.6677
2019-05-03,-0.60000,-0.7123
2019-05-10,-0.60000,-0.4204
2019-05-17,-0.59000,-0.3893
2019-05-24,-0.58000,-0.5200
2019-05-31,-0.57000,-0.2000
2019-06-07,-0.57000,-0.2205
2019-06-14,-0.57000,-0.4807
2019-06-21,-0.56000,-0.3664
2019-06-28,-0.57000,-0.3733
2019-07-05,-0.57000,-0.5702
2019-07-12,-0.58000,-0.5216
2019-07-19,-0.58000,-0.4080
2019-07-26,-0.58000,-0.5365
2019-08-02,-0.57000,-0.2991
2019-08-09,-0.55000,0.2451
2019-08-16,-0.54000,0.1614
2019-08-23,-0.53000,-0.1427
2019-08-30,-0.52000,-0.0881
2019-09-06,-0.51000,-0.1539
2019-09-13,-0.51000,-0.4607
2019-09-20,-0.51000,-0.2171
2019-09-27,-0.50000,0.0693
2019-10-04,-0.50000,0.3226
2019-10-11,-0.50000,0.0656
2019-10-18,-0.51000,-0.2275
2019-10-25,-0.53000,-0.1954
2019-11-01,-0.55000,-0.1289
2019-11-08,-0.56000,-0.1844
2019-11-15,-0.57000,-0.1688
2019-11-22,-0.57000,-0.0984
2019-11-29,-0.56000,-0.2525
2019-12-06,-0.55000,-0.1631
2019-12-13,-0.54000,-0.3376
2019-12-20,-0.54000,-0.4364
2019-12-27,-0.54000,-0.2451
2020-01-03,-0.56000,-0.2846
2020-01-10,-0.58000,-0.4083
2020-01-17,-0.60000,-0.5709
2020-01-24,-0.61000,-0.4460
2020-01-31,-0.62000,-0.1468
2020-02-07,-0.61000,-0.5170
2020-02-14,-0.56000,-0.6138
2020-02-21,-0.46000,-0.4768
2020-02-28,-0.31000,0.6455
2020-03-06,-0.12000,1.3273
2020-03-13,0.08000,3.3498
2020-03-20,0.26000,5.2969
2020-03-27,0.38000,5.1349
2020-04-03,0.43000,3.0586
2020-04-10,0.41000,2.4480
2020-04-17,0.34000,1.7878
2020-04-24,0.24000,2.2785
2020-05-01,0.14000,1.1288
2020-05-08,0.03000,0.8374
2020-05-15,-0.07000,0.8175
2020-05-22,-0.16000,0.3558
2020-05-29,-0.24000,0.1371
2020-06-05,-0.29000,-0.1593
2020-06-12,-0.32000,0.2124
2020-06-19,-0.34000,0.4066
2020-06-26,-0.36000,0.4322
2020-07-03,-0.38000,0.3430
2020-07-10,-0.40000,0.0586
2020-07-17,-0.43000,0.0122
2020-07-24,-0.45000,-0.2659
2020-07-31,-0.48000,-0.1272
2020-08-07,-0.49000,-0.2526
2020-08-14,-0.50000,-0.3487
2020-08-21,-0.51000,-0.1345
2020-08-28,-0.51000,-0.3304
2020-09-04,-0.50000,-0.1707
2020-09-11,-0.50000,-0.0151
2020-09-18,-0.49000,-0.1140
2020-09-25,-0.49000,0.2585
2020-10-02,-0.48000,-0.0295
2020-10-09,-0.48000,-0.2233
2020-10-16,-0.48000,-0.0450
2020-10-23,-0.48000,0.0381
2020-10-30,-0.49000,0.4205
2020-11-06,-0.51000,-0.0098
2020-11-13,-0.53000,-0.3882
2020-11-20,-0.55000,-0.0676
2020-11-27,-0.56000,-0.3657
2020-12-04,-0.58000,-0.4297
2020-12-11,-0.59000,-0.4400
2020-12-18,-0.59000,-0.4111
2020-12-25,-0.60000,-0.4514
2021-01-01,-0.61000,-0.4197
2021-01-08,-0.62000,-0.4927
2021-01-15,-0.62000,-0.5312
2021-01-22,-0.62000,-0.4759
2021-01-29,-0.62000,-0.2940
2021-02-05,-0.62000,-0.6265
2021-02-12,-0.63000,-0.8308
2021-02-19,-0.63000,-0.7725
2021-02-26,-0.63000,-0.5686
2021-03-05,-0.64000,-0.5018
2021-03-12,-0.64000,-0.5851
2021-03-19,-0.65000,-0.6414
2021-03-26,-0.65000,-0.7543
2021-04-02,-0.66000,-0.8338
2021-04-09,-0.67000,-0.9167
2021-04-16,-0.68000,-0.8913
2021-04-23,-0.68000,-0.8681
2021-04-30,-0.69000,-0.9319
2021-05-07,-0.70000,-0.9139
2021-05-14,-0.70000,-0.9056
2021-05-21,-0.70000,-0.8430
2021-05-28,-0.71000,-0.9180
2021-06-04,-0.71000,-0.9835
2021-06-11,-0.71000,-0.8793
2021-06-18,-0.70000,-0.9379
2021-06-25,-0.70000,-0.9240
2021-07-02,-0.69000,-0.9340
2021-07-09,-0.68000,-0.8039
2021-07-16,-0.67000,-0.9157
2021-07-23,-0.66000,-0.6736
2021-07-30,-0.66000,-0.8740
2021-08-06,-0.65000,-0.7569
2021-08-13,-0.65000,-0.9775
2021-08-20,-0.64000,-0.6846
2021-08-27,-0.65000,-0.8215
2021-09-03,-0.65000,-0.8056
2021-09-10,-0.65000,-0.7515
2021-09-17,-0.65000,-0.6950
2021-09-24,-0.65000,-0.5906
2021-10-01,-0.65000,-0.6880
2021-10-08,-0.65000,-0.6857
2021-10-15,-0.65000,-0.7560
2021-10-22,-0.64000,-0.9380
2021-10-29,-0.63000,-0.8426
2021-11-05,-0.61000,-0.6991
2021-11-12,-0.59000,-0.8308
2021-11-19,-0.57000,-0.7388
2021-11-26,-0.55000,-0.5327
2021-12-03,-0.53000,-0.1946
2021-12-10,-0.53000,-0.7770
2021-12-17,-0.53000,-0.5580
2021-12-24,-0.54000,-0.6798
2021-12-31,-0.55000,-0.8369
2022-01-07,-0.55000,-0.8082
2022-01-14,-0.55000,-0.7576
2022-01-21,-0.54000,-0.4979
2022-01-28,-0.53000,-0.3046
2022-02-04,-0.51000,-0.6423
2022-02-11,-0.49000,-0.8111
2022-02-18,-0.46000,-0.2077
2022-02-25,-0.42000,-0.0487
2022-03-04,-0.39000,0.3262
2022-03-11,-0.37000,0.0505
2022-03-18,-0.36000,-0.4114
2022-03-25,-0.35000,-0.7473
2022-04-01,-0.35000,-0.5268
2022-04-08,-0.35000,-0.5380
2022-04-15,-0.34000,-0.4430
2022-04-22,-0.32000,-0.5625
2022-04-29,-0.30000,0.0895
2022-05-06,-0.28000,0.1442
2022-05-13,-0.26000,0.4856
2022-05-20,-0.24000,0.2230
2022-05-27,-0.23000,0.4454
2022-06-03,-0.21000,-0.2296
2022-06-10,-0.18000,-0.2542
2022-06-17,-0.16000,-0.7155
2022-06-24,-0.14000,0.2223
2022-07-01,-0.13000,0.4517
2022-07-08,-0.14000,0.2075
2022-07-15,-0.16000,-0.1894
2022-07-22,-0.19000,-0.3860
2022-07-29,-0.21000,-0.1962
2022-08-05,-0.23000,-0.6229
2022-08-12,-0.23000,-0.5118
2022-08-19,-0.23000,-0.4827
2022-08-26,-0.22000,-0.4546
2022-09-02,-0.19000,-0.3615
2022-09-09,-0.16000,-0.5298
2022-09-16,-0.13000,-0.7976
2022-09-23,-0.10000,-0.0923
2022-09-30,-0.08000,0.3009
2022-10-07,-0.07000,-0.0494
2022-10-14,-0.08000,0.0590
2022-10-21,-0.10000,-0.3236
2022-10-28,-0.12000,-0.3996
2022-11-04,-0.15000,-0.5895
2022-11-11,-0.17000,-0.3842
2022-11-18,-0.18000,-0.2485
2022-11-25,-0.19000,-0.2710
2022-12-02,-0.19000,-0.0755
2022-12-09,-0.18000,0.2147
2022-12-16,-0.19000,0.0723
2022-12-23,-0.20000,0.0322
2022-12-30,-0.22000,-0.0541
2023-01-06,-0.25000,-0.0932
2023-01-13,-0.27000,-0.3070
2023-01-20,-0.30000,-0.3073
2023-01-27,-0.31000,-0.4998
2023-02-03,-0.32000,-0.5777
2023-02-10,-0.32000,-0.7803
2023-02-17,-0.30000,-0.5778
2023-02-24,-0.27000,-0.2527
2023-03-03,-0.23000,-0.4832
2023-03-10,-0.19000,-0.1012
2023-03-17,-0.16000,1.5134
2023-03-24,-0.14000,0.3277
2023-03-31,-0.14000,-0.3274
2023-04-07,-0.16000,-0.0131
2023-04-14,-0.19000,-0.5452
2023-04-21,-0.22000,-0.7146
2023-04-28,-0.25000,-0.2621
2023-05-05,-0.27000,-0.3435
2023-05-12,-0.28000,-0.5198
2023-05-19,-0.29000,-0.4785
2023-05-26,-0.29000,-0.6017
