yearmo;SENT;SENT_ORTH;pdnd;ripo;nipo;cefd;s;indpro;consdur;consnon;consserv;recess;employ;cpi
195801;;;;;;;;20.20969963;;;;1;52076;28.60000038
195802;;;;;;;;19.77860069;;;;1;51576;28.60000038
195803;;;;;;;;19.53610039;;;;1;51299;28.79999924
195804;;;;;;;;19.21269989;;;;1;51027;28.89999962
195805;;;;;;;;19.40130043;;;;0;50914;28.89999962
195806;;;;;;;;19.91329956;;;;0;50914;28.89999962
195807;;;;;;;;20.20969963;;;;0;51039;29
195808;;;;;;;;20.61389923;;;;0;51233;28.89999962
195809;;;;;;;;20.80260086;;;;0;51506;28.89999962
195810;;;;;;;;21.04509926;;;;0;51485;28.89999962
195811;;;;;;;;21.66489983;;;;0;51944;29
195812;;;;;;;0.159999996;21.69179916;;;;0;52085;28.89999962
195901;;;;;;;0.170000002;22.01510048;42.29999924;125.0999985;138.6999969;0;52478;29
195902;;;;;;;0.170000002;22.44630051;44.20000076;125.4000015;140;0;52688;28.89999962
195903;;;;;;;0.200000003;22.76959991;44.40000153;127.6999969;140.5;0;53014;28.89999962
195904;;;;;;;0.219999999;23.25469971;45.09999847;125.5999985;141.5;0;53321;29
195905;;;;;;;0.230000004;23.60499954;45.40000153;128;142.8000031;0;53550;29
195906;;;;;;;0.25;23.63190079;46;127.9000015;144.3000031;0;53681;29.10000038
195907;;;;;;;0.25;23.06599998;45.40000153;127.3000031;145.1000061;0;53804;29.20000076
195908;;;;;;;0.25;22.2845993;46.20000076;127.9000015;146.1000061;0;53336;29.20000076
195909;;;;;;;0.25999999;22.25769997;47.40000153;129.3999939;147.3999939;0;53428;29.29999924
195910;;;;;;;0.270000011;22.09600067;44.79999924;129.8000031;148.3000031;0;53358;29.39999962
195911;;;;;;;0.270000011;22.23069954;44.70000076;129;149.1999969;0;53634;29.39999962
195912;;;;;;;0.25999999;23.60499954;42.79999924;129.6999969;150.3999939;0;54174;29.39999962
196001;;;;13.80000019;16;;0.270000011;24.22470093;43.20000076;129.6000061;150.8000031;0;54274;29.29999924
196002;;;;8;16;;0.25999999;24.00919914;45.70000076;128.3999939;151.1999969;0;54513;29.39999962
196003;;;;19.39999962;21;;0.25;23.79360008;47.40000153;130.8000031;151.8999939;0;54454;29.39999962
196004;;;;15.89999962;16;;0.25;23.60499954;49.09999847;134.1000061;153.3000031;0;54813;29.5
196005;;;;25.29999924;19;;0.25;23.57799911;45.70000076;130.3000031;154;1;54475;29.5
196006;;;;30.60000038;40;;0.239999995;23.28160095;44.5;131.5;154.1000061;1;54348;29.60000038
196007;;;;10.39999962;17;;0.239999995;23.20079994;44.90000153;132.1999969;154.3000031;1;54306;29.60000038
196008;;;;27.5;23;;0.239999995;23.17379951;45.79999924;131.3999939;154.3999939;1;54272;29.60000038
196009;;;;18.10000038;20;;0.239999995;22.93129921;47.09999847;131.1000061;155.1000061;1;54227;29.60000038
196010;;;;12.60000038;27;;0.219999999;22.90439987;46.70000076;132.6000061;156.1000061;1;54142;29.79999924
196011;;;;7.400000095;38;;0.209999993;22.58099937;45.09999847;133.1000061;157.1999969;1;53961;29.79999924
196012;;;;25;16;;0.200000003;22.14990044;42.29999924;131.5;157.3999939;1;53742;29.79999924
196101;;;22.94000053;29.89999962;11;;0.209999993;22.17679977;41.59999847;132.3000031;158.3000031;1;53683;29.79999924
196102;;;19.95000076;74.90000153;27;;0.200000003;22.14990044;41.90000153;133.3000031;158.5;1;53557;29.79999924
196103;;;17.80999947;70.69999695;25;;0.200000003;22.2845993;43.20000076;134.6000061;159.8999939;0;53659;29.79999924
196104;;;16.60000038;71.09999847;27;;0.25999999;22.74270058;42.70000076;133.8999939;161;0;53627;29.79999924
196105;;;15.90999985;44.70000076;42;;0.25;23.09300041;43.5;134.3000031;162.1000061;0;53786;29.79999924
196106;;;17.20999908;22.79999924;29;;0.239999995;23.41640091;43.79999924;134.5;162.5;0;53977;29.79999924
196107;;;19.71999931;16.70000076;29;;0.25;23.68580055;44.09999847;133.8999939;162.5;0;54123;30
196108;;;20.25;23.79999924;50;;0.25;23.90139961;44.59999847;134.6000061;162.8999939;0;54298;29.89999962
196109;;;21.45999908;5.599999905;37;;0.25999999;23.87450027;45;135.3000031;164.1000061;0;54388;30
196110;;;21.46999931;14.5;53;;0.270000011;24.33250046;45.59999847;135.3000031;165.6000061;0;54522;30
196111;;;22.47999954;20.5;53;;0.270000011;24.70980072;46.70000076;136.3000031;166.8999939;0;54742;30
196112;;;22.85000038;13.89999962;52;;0.280000001;24.9253006;47.70000076;136.8999939;167.8000031;0;54872;30
196201;;;22.36000061;16.20000076;40;;0.280000001;24.70980072;47.5;137.1999969;168.5;0;54891;30
196202;;;22.79000092;4.099999905;31;;0.280000001;25.11400032;47.40000153;137.3999939;169.1999969;0;55188;30.10000038
196203;;;23.92000008;2.400000095;50;;0.280000001;25.24869919;48.20000076;138.8999939;170.1999969;0;55275;30.10000038
196204;;;28.37000084;-3.099999905;74;;0.239999995;25.30260086;48.40000153;139;171.6000061;0;55602;30.20000076
196205;;;30.42000008;-13.39999962;40;;0.230000004;25.27560043;49.59999847;139.5;173;0;55628;30.20000076
196206;;;28.82999992;1.200000048;5;;0.230000004;25.22179985;49.09999847;137.8000031;173.3999939;0;55644;30.20000076
196207;;;26.93000031;2.700000048;6;;0.219999999;25.46430016;49.20000076;138.1999969;174;0;55746;30.29999924
196208;;;23.07999992;3.599999905;7;;0.209999993;25.49119949;49;139.1999969;174.6999969;0;55838;30.29999924
196209;;;24.93000031;-0.400000006;17;;0.209999993;25.6529007;50.5;142.5;175.6999969;0;55978;30.39999962
196210;;;29.45000076;-13.39999962;7;;0.189999998;25.67989922;49;141;176.5;0;56041;30.39999962
196211;;;28.42000008;-7.800000191;11;;0.180000007;25.78759956;52.09999847;141.6999969;177.8999939;0;56056;30.39999962
196212;;;31.22999954;-11.39999962;10;;0.159999996;25.78759956;53.5;141.8000031;178.3000031;0;56028;30.39999962
196301;;;29.60000038;14.69999981;2;;0.159999996;25.9762001;53.09999847;142.8000031;178.6000061;0;56115;30.39999962
196302;;;29.57999992;-8.300000191;5;;0.159999996;26.27269936;52.40000153;141.8999939;179.1000061;0;56230;30.39999962
196303;;;29.51000023;6.300000191;7;;0.140000001;26.43440056;52.29999924;142.6999969;180;0;56320;30.5
196304;;;27.62000084;0.400000006;8;;0.129999995;26.67690086;53.20000076;142.1000061;181;0;56580;30.5
196305;;;26.39999962;9.199999809;8;;0.119999997;27.00020027;53.5;142.3999939;181.3999939;0;56616;30.5
196306;;;24.51000023;-0.899999976;10;;0.109999999;27.08110046;55;143.8999939;182.8000031;0;56659;30.60000038
196307;;;24.43000031;-1.299999952;6;;0.119999997;26.97330093;55.5;144.6999969;184.3000031;0;56794;30.70000076
196308;;;24.06999969;1.200000048;7;;0.119999997;27.0272007;54.09999847;146.5;185.6999969;0;56910;30.70000076
196309;;;23.70000076;3.5;8;;0.109999999;27.29660034;54.59999847;144.3000031;186.6000061;0;57078;30.70000076
196310;;;27.11000061;-1;8;;0.109999999;27.48530006;54.20000076;144;187.8999939;0;57283;30.79999924
196311;;;26.47999954;13.89999962;8;;0.119999997;27.62000084;55.59999847;145;188.8999939;0;57255;30.79999924
196312;;;29.23999977;20.39999962;6;;0.109999999;27.56609917;57.40000153;146.8999939;190.3000031;0;57361;30.89999962
196401;;;32.59000015;11.89999962;10;;0.109999999;27.80859947;57.90000153;147.1999969;191.6000061;0;57487;30.89999962
196402;;;32.81000137;15.5;4;;0.109999999;27.99720001;58.40000153;148.8999939;192.8000031;0;57753;30.89999962
196403;;;32.90000153;9.699999809;2;;0.109999999;27.99720001;57.59999847;149.8000031;194.3999939;0;57897;30.89999962
196404;;;30.44000053;-1.299999952;11;;0.189999998;28.45529938;58.20000076;149.3999939;195.3000031;0;57922;30.89999962
196405;;;29.51000023;6.800000191;12;;0.200000003;28.61700058;59.70000076;152.3000031;196.5;0;58089;30.89999962
196406;;;30.10000038;8.199999809;8;;0.209999993;28.69779968;60.59999847;152.6999969;198.1000061;0;58219;31
196407;;;30.98999977;-7.900000095;5;;0.219999999;28.8864994;61.59999847;154.3000031;199;0;58412;31.10000038
196408;;;30.29999924;0.699999988;11;;0.219999999;29.07509995;62.09999847;155.5;200.1000061;0;58619;31
196409;;;29.61000061;-4.400000095;8;;0.219999999;29.18289948;60.29999924;154.8000031;201.5;0;58903;31.10000038
196410;;;30.20999908;3.400000095;8;;0.230000004;28.77869987;61.20000076;155.8000031;202.5;0;58793;31.10000038
196411;;;31.17000008;14.5;8;;0.219999999;29.66790009;58.90000153;153.6000061;203.8000031;0;59218;31.20000076
196412;;;31.15999985;6.800000191;10;;0.219999999;30.01819992;58;157.8999939;205.1000061;0;59421;31.20000076
196501;;;29.20000076;16.70000076;6;;0.219999999;30.34160042;61;157.3000031;206.1000061;0;59582;31.20000076
196502;;;27.22999954;1.200000048;7;;0.230000004;30.53019905;65.40000153;159;207.1000061;0;59800;31.20000076
196503;;;26.29000092;34.90000153;13;;0.219999999;30.93440056;68.40000153;157;207.8999939;0;60003;31.29999924
196504;;;25.68000031;17.70000076;24;;0.150000006;31.06909943;67.30000305;160;209.6999969;0;60259;31.39999962
196505;;;24.48999977;20;13;;0.170000002;31.31159973;65.09999847;161.3000031;211.1000061;0;60491;31.39999962
196506;;;27.59000015;7.199999809;8;;0.159999996;31.55410004;62;161;212.3000031;0;60690;31.60000038
196507;-1.955;-2.063;26.45000076;35.29999924;8;19.27000046;0.140000001;31.85059929;63.5;163.8000031;213.6999969;0;60965;31.60000038
196508;-1.964;-2.156;24.72999954;28;8;19.69000053;0.140000001;31.98530006;66;163.3999939;215;0;61228;31.60000038
196509;-1.857;-2.093;23.17000008;-5.300000191;17;17.57999992;0.140000001;32.06610107;70.59999847;165;216.3999939;0;61490;31.60000038
196510;-1.690;-1.993;21.01000023;-4.400000095;11;13.59000015;0.129999995;32.38949966;69.5;170.6000061;218.3999939;0;61719;31.70000076
196511;-1.710;-1.850;16.12999916;1.5;20;13.96000004;0.140000001;32.52420044;69.09999847;169.8000031;220.1999969;0;61996;31.70000076
196512;-1.725;-1.733;12.35999966;0.100000001;11;13.89999962;0.140000001;32.92839813;68.80000305;171.1999969;221.6000061;0;62322;31.79999924
196601;-1.766;-1.819;11.19999981;-5.800000191;5;16.01000023;0.140000001;33.25180054;70.19999695;172.5;222.3999939;0;62529;31.79999924
196602;-1.873;-1.990;8.550000191;33.09999847;4;19.18000031;0.140000001;33.4673996;72.30000305;174.3000031;223.6000061;0;62796;32
196603;-1.626;-1.836;7.639999866;21;9;16;0.140000001;33.92539978;74.40000153;175.3999939;225.1999969;0;63192;32.09999847
196604;-1.657;-1.795;2.640000105;25;16;18.31999969;0.140000001;33.97930145;72.5;177.6999969;226.8000031;0;63437;32.29999924
196605;-1.587;-1.567;4.909999847;-3.599999905;10;17.95000076;0.129999995;34.30270004;68.69999695;176.1999969;228.1999969;0;63712;32.29999924
196606;-1.522;-1.414;2.25999999;18;13;15;0.150000006;34.46429825;68;177.8999939;229.6000061;0;64111;32.40000153
196607;-1.423;-1.299;2.410000086;8.300000191;8;14.68000031;0.150000006;34.65299988;69.59999847;179.6999969;231.3000031;0;64301;32.5
196608;-1.253;-1.144;3.019999981;0.300000012;5;12.97000027;0.150000006;34.67990112;72.30000305;179.1000061;231.8000031;0;64507;32.70000076
196609;-1.359;-1.465;3.880000114;-0.400000006;1;15.06000042;0.150000006;35.00329971;75.09999847;180.5;233.5;0;64643;32.70000076
196610;-1.367;-1.316;11.93999958;-9.399999619;5;15.93999958;0.150000006;35.24580002;73.40000153;180;234.8999939;0;64854;32.90000153
196611;-1.322;-1.356;5.079999924;-4.099999905;5;16.45000076;0.140000001;35.00329971;72.30000305;180.6999969;237.1000061;0;65019;32.90000153
196612;-1.208;-1.285;2.859999895;2.299999952;3;15.69999981;0.140000001;35.08409882;72.19999695;180.5;239.1000061;0;65199;32.90000153
196701;-1.112;-1.091;1.110000014;44.70000076;2;13.60000038;0.129999995;35.24959946;72.5;181.5;240.3000031;0;65407;32.90000153
196702;-1.075;-0.889;-0.720000029;7.900000095;4;14.97000027;0.129999995;34.84980011;69.90000153;182.6999969;240.3999939;0;65429;32.90000153
196703;-1.185;-0.915;-2.380000114;22.60000038;4;16.88999939;0.119999997;34.65340042;71;182.8999939;241.8999939;0;65530;33
196704;-1.103;-0.957;-4.920000076;8;12;18.23999977;0.119999997;34.98020172;74.30000305;183.6000061;243.3999939;0;65466;33.09999847
196705;-1.156;-0.965;-8.329999924;20.70000076;8;16.89999962;0.119999997;34.67499924;74;183.6000061;244.6999969;0;65620;33.20000076
196706;-1.056;-0.975;-13.61999989;43.29999924;5;16.11000061;0.090000004;34.67070007;75.19999695;184.8999939;246.6999969;0;65750;33.29999924
196707;-1.035;-0.906;-15.81999969;35.09999847;7;14.64999962;0.090000004;34.59180069;74.40000153;183.6999969;248.6000061;0;65888;33.40000153
196708;-1.020;-0.931;-16.86000061;53.79999924;12;13.31999969;0.090000004;35.25450134;73.59999847;185.8000031;250.3999939;0;66143;33.5
196709;-0.922;-0.705;-18.81999969;36.70000076;9;11.88000011;0.100000001;35.19720078;76;187.8000031;251.6999969;0;66164;33.59999847
196710;-1.043;-0.858;-23.36000061;27.60000038;12;10.25;0.109999999;35.48389816;74.09999847;185.1000061;252.8999939;0;66225;33.70000076
196711;-0.694;-0.530;-21.95000076;47.70000076;14;7.320000172;0.109999999;35.99140167;75.09999847;187.8000031;254.5;0;66703;33.79999924
196712;-0.368;-0.249;-27.20000076;103.8000031;11;2.099999905;0.109999999;36.37900162;77.69999695;190.6999969;256.7999878;0;66900;33.90000153
196801;-0.202;-0.088;-20.26000023;63.90000153;15;0.939999998;0.119999997;36.33990097;79.69999695;191.3000031;259.8999939;0;66804;34.09999847
196802;0.018;0.173;-14.43999958;32.09999847;14;-3.109999895;0.129999995;36.4701004;79.5;193;261.2000122;0;67215;34.20000076
196803;-0.047;-0.003;-14.88000011;39.40000153;21;-0.280000001;0.140000001;36.58390045;83.40000153;196.3999939;264.6000061;0;67295;34.29999924
196804;-0.158;-0.124;-23.32999992;56;18;2.190000057;0.150000006;36.63690186;81.40000153;195.8000031;266.7999878;0;67556;34.40000153
196805;0.110;-0.085;-28.5;96;28;0.419999987;0.150000006;37.04779816;84;197.3000031;268.5;0;67652;34.5
196806;0.291;0.058;-27.26000023;75.59999847;23;0.639999986;0.150000006;37.18389893;83.80000305;200.3000031;272.2000122;0;67905;34.70000076
196807;0.520;0.317;-26.26000023;60.59999847;30;-0.74000001;0.159999996;37.12689972;86.90000153;202.6000061;273.7000122;0;68126;34.90000153
196808;0.662;0.611;-26.72999954;45.59999847;24;1.549999952;0.180000007;37.23049927;87.59999847;203.6999969;275.6000061;0;68330;35
196809;0.848;0.795;-29.10000038;67.59999847;29;0.310000002;0.189999998;37.37149811;88.09999847;202.1999969;277.8999939;0;68484;35.09999847
196810;1.275;1.251;-26.64999962;36.59999847;53;-4.070000172;0.189999998;37.4457016;88.09999847;203.5;280;0;68721;35.29999924
196811;1.365;1.310;-28.68000031;53.40000153;52;-3.24000001;0.200000003;37.93009949;87.5;207;282.2999878;0;68984;35.40000153
196812;2.123;2.103;-33.79000092;43.5;61;-10.90999985;0.209999993;38.04990005;87.90000153;204.5;284.2000122;0;69248;35.5
196901;2.001;1.958;-31.23999977;37;68;-9.420000076;0.209999993;38.28010178;90.09999847;207.3000031;286.1000061;0;69439;35.59999847
196902;1.923;1.799;-23.11000061;20.39999962;54;-9.909999847;0.230000004;38.52500153;90.80000305;209.3000031;288.6000061;0;69699;35.79999924
196903;1.978;1.951;-22.72999954;12;88;-8.909999847;0.239999995;38.82709885;89.09999847;209.8999939;289.7999878;0;69905;36.09999847
196904;2.358;2.431;-20.79999924;23.10000038;76;-8.18999958;0.25;38.68420029;90.40000153;210.8000031;292.7000122;0;70072;36.29999924
196905;2.743;2.840;-20.05999947;22.79999924;72;-7.199999809;0.270000011;38.5379982;90.5;213.6000061;296.2999878;0;70328;36.40000153
196906;2.806;2.970;-16.45999908;-2.5;78;-6.340000153;0.280000001;38.91450119;90.5;212.3000031;298.1000061;0;70636;36.59999847
196907;2.790;2.876;-14.38000011;-11.89999962;34;-5.829999924;0.289999992;39.11999893;88.59999847;214.6000061;299.5;0;70729;36.79999924
196908;2.672;2.675;-16.03000069;13.5;33;-3.319999933;0.289999992;39.2098999;90.69999695;217.3000031;301.8999939;0;71008;37
196909;3.025;3.091;-16.11000061;5.699999809;54;-8.159999847;0.289999992;39.2010994;92.59999847;216;304.6000061;0;70914;37.09999847
196910;2.868;2.864;-15.26000023;13.80000019;85;-6.809999943;0.300000012;39.21250153;91.40000153;219.1999969;307.8999939;0;71121;37.29999924
196911;2.920;3.012;-13.23999977;21.10000038;68;-6.300000191;0.310000002;38.84289932;90.69999695;219.3000031;310.5;0;71086;37.5
196912;3.042;3.214;-11.81000042;-4.699999809;71;-7.579999924;0.310000002;38.73870087;90.40000153;220.6999969;311.6000061;0;71241;37.70000076
197001;2.821;2.918;-9.859999657;8.300000191;76;-5.590000153;0.310000002;38.02130127;89.30000305;224.5;314.8999939;1;71176;37.79999924
197002;2.442;2.164;-6.71999979;2.700000048;38;-4.239999771;0.300000012;37.99629974;91;224;319;1;71305;38
197003;2.411;2.282;-2.470000029;-2.5;38;-8.090000153;0.300000012;37.94689941;88.5;225;318.7999878;1;71451;38.20000076
197004;2.277;2.065;6.050000191;-10.69999981;34;-9.100000381;0.289999992;37.84939957;90;224.6999969;321.3999939;1;71348;38.5
197005;1.993;1.789;8.529999733;-28.79999924;11;-7.449999809;0.270000011;37.80530167;91.19999695;227.1999969;324.1000061;1;71124;38.59999847
197006;1.552;1.311;10.13000011;6.400000095;26;-4.28000021;0.25999999;37.68299866;91.90000153;227.8000031;326.6000061;1;71029;38.79999924
197007;1.508;1.374;12.56000042;1.600000024;23;-6.630000114;0.25999999;37.77550125;91.40000153;228.3000031;328.7999878;1;71053;39
197008;1.295;1.095;11.94999981;-11;17;-2.099999905;0.25;37.70809937;92.30000305;229.1000061;331.3999939;1;70937;39
197009;1.206;1.029;5.329999924;3;20;-2.75999999;0.239999995;37.44820023;92.30000305;231.6999969;335;1;70944;39.20000076
197010;0.909;0.799;9.859999657;0.300000012;23;0.699999988;0.239999995;36.69910049;89.69999695;232.5;336.1000061;1;70521;39.40000153
197011;0.671;0.558;12.77999973;9.699999809;30;2.480000019;0.230000004;36.47679901;85.19999695;233.5;337.8999939;1;70409;39.59999847
197012;0.566;0.498;14.13000011;0.800000012;22;0.349999994;0.219999999;37.3144989;87.09999847;237.3999939;341.1000061;0;70792;39.79999924
197101;0.397;0.539;11.09000015;24.20000076;17;0.029999999;0.219999999;37.60150146;97.40000153;236.3000031;342.3999939;0;70865;39.79999924
197102;0.142;0.266;10.30000019;35.79999924;19;2.769999981;0.219999999;37.5298996;97.19999695;236.5;345.7000122;0;70807;39.90000153
197103;-0.045;-0.031;6.760000229;9.300000191;32;3.539999962;0.209999993;37.48920059;99.59999847;234.6000061;347.7999878;0;70860;40
197104;-0.460;-0.480;9.779999733;37.09999847;32;6.409999847;0.219999999;37.69979858;100.3000031;238.1000061;350.3999939;0;71036;40.09999847
197105;-0.686;-0.693;9.390000343;16.29999924;29;9.279999733;0.230000004;37.89110184;99.59999847;237.8000031;353.7000122;0;71247;40.29999924
197106;-0.803;-0.871;10.18000031;21;30;11.72999954;0.239999995;38.04999924;103;240.6000061;356.1000061;0;71254;40.59999847
197107;-0.760;-0.857;12.43999958;-2.900000095;32;10.44999981;0.270000011;37.9394989;101.0999985;239.1000061;358.7000122;0;71315;40.70000076
197108;-0.863;-0.911;11.21000004;41.70000076;31;13.01000023;0.270000011;37.71929932;102.1999969;240.3000031;362.2999878;0;71373;40.79999924
197109;-0.715;-0.841;11.80000019;8.899999619;37;14.27999973;0.280000001;38.33240128;107;241.8000031;364.2000122;0;71614;40.79999924
197110;-0.795;-1.052;13.63000011;12.69999981;35;12.75;0.289999992;38.61930084;107.1999969;241.1999969;367.3999939;0;71642;40.90000153
197111;-0.923;-1.201;15.28999996;19.39999962;49;12.98999977;0.289999992;38.78319931;107.3000031;244;369.7000122;0;71847;40.90000153
197112;-0.922;-1.162;13.53999996;24.29999924;48;13.35000038;0.289999992;39.23089981;107.4000015;245.6000061;375.3999939;0;72109;41.09999847
197201;-0.731;-1.108;9.529999733;17.79999924;39;11.25;0.289999992;40.16880035;110.5;243.1999969;377.7000122;0;72441;41.09999847
197202;-0.818;-1.154;9.850000381;27.79999924;38;15.47000027;0.300000012;40.58369827;109.3000031;246.6000061;380.2999878;0;72648;41.29999924
197203;-0.684;-1.150;10.76000023;22.10000038;66;16.48999977;0.310000002;40.8655014;112.3000031;251.3000031;385.6000061;0;72944;41.40000153
197204;-0.657;-1.079;14.03999996;19.70000076;66;17.78000069;0.300000012;41.2655983;112.9000015;252.1999969;387.5;0;73162;41.5
197205;-0.673;-1.049;15.67000008;5.800000191;49;20.19000053;0.310000002;41.27059937;114.5;255.3999939;388.1000061;0;73469;41.59999847
197206;-0.565;-0.960;16.07999992;10.30000019;66;19.15999985;0.319999993;41.37860107;114.8000031;255.3000031;391.3999939;0;73758;41.70000076
197207;-0.630;-1.035;19;0.899999976;32;18.31999969;0.289999992;41.33470154;116.5999985;258;395.2999878;0;73709;41.90000153
197208;-0.552;-0.995;20.54000092;20;51;20.01000023;0.289999992;41.90459824;118.3000031;259.6000061;398.5;0;74141;42
197209;-0.487;-0.918;21.89999962;10.89999962;32;18.20000076;0.300000012;42.22840118;117.9000015;262.7000122;400.6000061;0;74264;42.09999847
197210;-0.542;-1.008;22.88999939;-1.899999976;43;18.88999939;0.300000012;42.7745018;122;267.7000122;405.2000122;0;74674;42.29999924
197211;-0.491;-1.091;23.93000031;8.199999809;40;17.10000038;0.310000002;43.27949905;123.4000015;267.8999939;409.2000122;0;74973;42.40000153
197212;-0.364;-0.913;20.45999908;-1.399999976;40;16.01000023;0.310000002;43.76950073;124.8000031;268.6000061;412.7000122;0;75268;42.5
197301;-0.409;-0.698;22.87000084;0.100000001;31;19.23999977;0.319999993;44.08470154;129.3000031;272.5;414.7000122;0;75617;42.59999847
197302;-0.205;-0.491;25.52000046;-0.800000012;21;14.31999969;0.340000004;44.7242012;131.8999939;276.2000122;417.7000122;0;76014;42.90000153
197303;-0.221;-0.400;26.57999992;-4.800000191;9;13.30000019;0.349999994;44.74349976;134.3000031;277.6000061;420.7999878;0;76284;43.29999924
197304;-0.340;-0.463;26.88999939;9.699999809;8;11.93999958;0.360000014;44.67819977;132.5;279.3999939;423.8999939;0;76455;43.59999847
197305;-0.575;-0.807;29.60000038;-5.099999905;8;14.52000046;0.360000014;44.97409821;133.3000031;280.7000122;427.6000061;0;76648;43.90000153
197306;-0.772;-0.876;31.62999916;-5;2;16.05999947;0.340000004;45.02569962;128.1000061;284.1000061;432.1000061;0;76887;44.20000076
197307;-0.893;-1.059;28.12000084;-2.900000095;1;16.26000023;0.340000004;45.19520187;130.1000061;289.8999939;434.1000061;0;76913;44.29999924
197308;-1.049;-1.068;27.30999947;2.700000048;6;17.04000092;0.340000004;45.13079834;128.6000061;287.5;437.2000122;0;77168;45.09999847
197309;-1.133;-1.139;25.81999969;18.89999962;5;17.29000092;0.330000013;45.48619843;133.6999969;292.2999878;443.2000122;0;77276;45.20000076
197310;-1.284;-1.225;25.40999985;-10.30000019;9;18.37999916;0.319999993;45.85309982;129.3000031;293.3999939;445.5;0;77607;45.59999847
197311;-1.526;-1.426;27.79999924;1.700000048;5;21.95999908;0.330000013;46.06539917;129.1000061;299.1000061;448.7000122;0;77920;45.90000153
197312;-1.282;-1.242;28.23999977;;0;16.47999954;0.330000013;45.93439865;126.3000031;300.6000061;449.7999878;1;78031;46.20000076
197401;-1.188;-1.446;25.32999992;;0;11;0.300000012;45.62979889;126.6999969;305;452.7999878;1;78100;46.59999847
197402;-1.417;-1.650;24.85000038;6.199999809;5;13.07999992;0.289999992;45.49509811;124.8000031;309.2999878;455.6000061;1;78254;47.20000076
197403;-1.443;-1.691;24.60000038;-12.5;2;11.30000019;0.25999999;45.49520111;128.5;312.2999878;460.7000122;1;78296;47.79999924
197404;-1.697;-1.985;20.40999985;;0;15.67000008;0.25999999;45.36249924;129;315.2000122;466.5;1;78382;48
197405;-1.795;-2.021;20.39999962;;0;15.39999962;0.230000004;45.72409821;132;318.6000061;471.8999939;1;78549;48.59999847
197406;-1.827;-1.986;22.51000023;0;2;14.35999966;0.230000004;45.63899994;130.8000031;320.2000122;477;1;78604;49
197407;-1.847;-1.989;20.56999969;;0;17;0.219999999;45.71929932;133.3999939;324.3999939;480.2000122;1;78636;49.40000153
197408;-2.075;-2.311;17.98999977;;0;20.62999916;0.209999993;45.2356987;140.8999939;328.7000122;485.2000122;1;78619;50
197409;-1.822;-1.956;15.47999954;;0;15.25;0.209999993;45.24209976;134.6999969;329.8999939;490.5;1;78610;50.59999847
197410;-2.133;-2.195;20.18000031;;0;22.19000053;0.200000003;45.10110092;131;331.5;496.7000122;1;78630;51.09999847
197411;-2.361;-2.305;18.56999969;;0;24.23999977;0.170000002;43.61579895;125.4000015;331.5;499.2999878;1;78265;51.5
197412;-2.034;-1.957;19.53000069;;0;16.65999985;0.159999996;42.05530167;125;329.7000122;507.1000061;1;77652;51.90000153
197501;-1.848;-1.798;19.25;-1.399999976;1;14.25;0.159999996;41.47499847;129.5;334.3999939;511.6000061;1;77293;52.09999847
197502;-2.021;-2.047;20.36000061;5;1;18.59000015;0.150000006;40.52899933;134.8000031;336.1000061;518.5;1;76918;52.5
197503;-2.044;-2.036;20.03000069;;0;19.44000053;0.150000006;40.07960129;131;338.1000061;521.4000244;1;76648;52.70000076
197504;-2.056;-1.960;15.68000031;;0;21.45000076;0.150000006;40.15269852;132;336.2000122;526.7999878;0;76460;52.90000153
197505;-2.060;-1.676;16.10000038;;0;22.40999985;0.170000002;40.03990173;138.1000061;348.7999878;532;0;76624;53.20000076
197506;-2.069;-1.791;15.64000034;-0.800000012;2;21.45999908;0.170000002;40.29869843;140;349.5;537.2999878;0;76521;53.59999847
197507;-1.913;-1.651;14.35999966;9.100000381;1;19.25;0.170000002;40.70940018;145;353.6000061;541.2000122;0;76770;54.20000076
197508;-1.924;-1.793;14.85999966;-4.099999905;1;21.07999992;0.180000007;41.10979843;145.3999939;357.3999939;544.0999756;0;77153;54.29999924
197509;-1.962;-1.828;14.14000034;-7.099999905;3;21.46999931;0.180000007;41.63800049;149.8999939;356.7999878;548.0999756;0;77228;54.59999847
197510;-1.859;-1.781;16.29999924;-0.100000001;3;18.81999969;0.189999998;41.81710052;148;355.7000122;557.0999756;0;77540;54.90000153
197511;-1.922;-2.008;17.05999947;0;1;21.22999954;0.200000003;41.87639999;153.1999969;360.3999939;562.0999756;0;77685;55.29999924
197512;-1.961;-2.225;16.70999908;-8.800000191;1;21.53000069;0.200000003;42.44839859;158.8999939;362.8999939;570.2999878;0;78017;55.5
197601;-1.806;-2.130;16.95999908;5.099999905;6;18.40999985;0.209999993;43.01490021;161.1999969;369.2999878;576.7000122;0;78503;55.59999847
197602;-1.888;-2.316;14.17000008;25;1;17.62999916;0.219999999;43.45149994;164.1999969;366;577.5;0;78816;55.79999924
197603;-1.857;-2.284;14.47999954;12.89999962;2;19.86000061;0.239999995;43.53590012;164.5;367;583.2999878;0;79048;55.90000153
197604;-1.829;-2.232;14.34000015;;0;21.73999977;0.230000004;43.75930023;167.6000061;371.2999878;586.5;0;79292;56.09999847
197605;-1.863;-2.235;15.22000027;-4.099999905;4;22.35000038;0.230000004;43.93590164;162.1999969;370.3999939;590.0999756;0;79312;56.5
197606;-1.813;-2.213;15.78999996;1.600000024;4;21.35000038;0.230000004;43.9917984;167.8999939;377.6000061;595;0;79376;56.79999924
197607;-1.732;-2.172;15.94999981;9.399999619;4;21.46999931;0.239999995;44.22539902;169.6999969;377.8999939;602;0;79547;57.09999847
197608;-1.821;-2.143;17.12999916;-0.899999976;2;22.63999939;0.239999995;44.53649902;168.6999969;381;608.2999878;0;79704;57.40000153
197609;-1.850;-2.262;18.20000076;-1.600000024;6;22.05999947;0.219999999;44.67750168;171.1999969;382.8999939;614.7000122;0;79892;57.59999847
197610;-1.853;-2.246;19.21999931;-6.199999809;1;20.77000046;0.209999993;44.66949844;170.8999939;387.2999878;618.5;0;79911;57.90000153
197611;-1.934;-2.487;18.01000023;-4.300000191;1;22.15999985;0.209999993;45.35400009;173.1999969;388.2000122;627.5;0;80240;58
197612;-1.821;-2.395;18.62000084;2.099999905;4;19.63999939;0.209999993;45.83570099;182.1999969;393.2000122;636;0;80448;58.20000076
197701;-1.691;-2.061;16.69000053;-0.699999988;4;17.45000076;0.200000003;45.52759933;177.8000031;394.5;642.7000122;0;80690;58.5
197702;-1.570;-1.913;16.80999947;32.79999924;2;17.19000053;0.209999993;46.25669861;184.1000061;397.7000122;649.5;0;80988;59.09999847
197703;-1.473;-1.843;16.52000046;32.79999924;3;15.23999977;0.200000003;46.83560181;189.8999939;397.1000061;651.2999878;0;81391;59.5
197704;-1.470;-1.845;13.88000011;90.69999695;5;15.40999985;0.200000003;47.28979874;188.8999939;402.1000061;656.4000244;0;81728;60
197705;-1.656;-1.920;12.59000015;-1.399999976;1;18.40999985;0.200000003;47.66070175;188.6000061;404.6000061;663.9000244;0;82088;60.29999924
197706;-1.636;-1.919;11.59000015;-2.900000095;5;17.71999931;0.200000003;48.01959991;190.1999969;404.3999939;668.9000244;0;82488;60.70000076
197707;-1.607;-1.812;11.63000011;11.30000019;3;17.19000053;0.189999998;48.08190155;191.6999969;409.7999878;678.9000244;0;82834;61
197708;-1.633;-1.799;10.90999985;17.5;2;17.04000092;0.189999998;48.13150024;194.1999969;409;682.5;0;83075;61.20000076
197709;-1.632;-1.752;10.69999981;8.800000191;1;16.45999908;0.200000003;48.3307991;196.1000061;410.8999939;687.5999756;0;83532;61.40000153
197710;-1.615;-1.811;10.65999985;11.5;4;15.52000046;0.200000003;48.40140152;197.1000061;418.7999878;695.5;0;83800;61.59999847
197711;-1.564;-1.597;9.180000305;12.10000038;2;15.23999977;0.209999993;48.49240112;200.8000031;426.5;699.7000122;0;84173;61.90000153
197712;-1.531;-1.525;8.039999962;8.199999809;3;14.39999962;0.219999999;48.56399918;204.1999969;425.6000061;706.2999878;0;84410;62.09999847
197801;-1.547;-1.440;6.510000229;45;3;15.48999977;0.219999999;47.86930084;191.1999969;424.2000122;714;0;84594;62.5
197802;-1.524;-1.428;5.010000229;-12.5;2;15.47999954;0.219999999;48.12829971;198.5;431.2000122;725.4000244;0;84948;62.90000153
197803;-1.418;-1.431;3.609999895;-15;2;14.27999973;0.219999999;49.05530167;204.6999969;437.7999878;735;0;85460;63.40000153
197804;-1.200;-1.228;1.289999962;58.09999847;6;16.47999954;0.209999993;50.02600098;213.5;438.7999878;744.0999756;0;86162;63.90000153
197805;-1.258;-1.315;-0.49000001;80;2;19.47999954;0.209999993;50.27170181;217;445.7000122;749.2999878;0;86509;64.5
197806;-1.280;-1.276;-2.380000114;68.5;4;20.19000053;0.219999999;50.59389877;218.1000061;449.8999939;757.7999878;0;86950;65.19999695
197807;-1.377;-1.291;-2.829999924;23.79999924;3;22.37999916;0.209999993;50.54990005;215.3000031;450.7000122;760.7999878;0;87204;65.69999695
197808;-1.345;-1.383;-4.659999847;20;4;22.84000015;0.219999999;50.7621994;221.8000031;454.2999878;770.7999878;0;87483;66
197809;-1.264;-1.245;-4.070000172;34.79999924;6;23.01000023;0.219999999;50.88560104;213.1000061;461.7999878;777.9000244;0;87621;66.5
197810;-1.234;-1.227;2;4.400000095;5;22.39999962;0.230000004;51.28210068;220.3000031;461.8999939;784.7000122;0;87956;67.09999847
197811;-1.223;-1.267;0.050000001;-0.400000006;5;22.93000031;0.209999993;51.67369843;222.3000031;469.5;788.7999878;0;88391;67.40000153
197812;-1.181;-1.181;-0.230000004;-2.700000048;8;23.53000069;0.219999999;51.94039917;224.1999969;476.7999878;795.5;0;88671;67.69999695
197901;-1.000;-0.990;-1.49000001;7.599999905;6;22.95999908;0.219999999;51.65069962;220.5;478.8999939;802.9000244;0;88808;68.30000305
197902;-1.053;-0.982;-2.460000038;2.5;3;23.70999908;0.219999999;51.90969849;224;484.2999878;809.5;0;89055;69.09999847
197903;-1.110;-0.904;-5.460000038;11.30000019;6;24.30999947;0.219999999;52.06669998;225.3000031;490.5;815.4000244;0;89479;69.80000305
197904;-1.090;-0.849;-7.579999924;25.60000038;5;23.30999947;0.219999999;51.45479965;222.6999969;489.1000061;826.7000122;0;89417;70.59999847
197905;-0.998;-0.804;-8.079999924;64.59999847;8;24.48999977;0.209999993;51.90610123;224.3999939;499.3999939;835;0;89789;71.5
197906;-0.778;-0.517;-9.109999657;50.59999847;9;25.28000069;0.189999998;51.90670013;219.3000031;511.7000122;844.7000122;0;90108;72.30000305
197907;-0.628;-0.395;-9.140000343;22.29999924;5;22.98999977;0.200000003;51.82580185;226;511.2999878;848.7999878;0;90217;73.09999847
197908;-0.544;-0.275;-9.829999924;0.899999976;5;22.15999985;0.209999993;51.49000168;231.3000031;524.2000122;860;0;90300;73.80000305
197909;-0.511;-0.170;-9.819999695;24.70000076;4;21.54999924;0.209999993;51.48469925;235.3999939;531.5;867;0;90327;74.59999847
197910;-0.797;-0.492;-9.359999657;4.599999905;11;23.71999931;0.209999993;51.84209824;228.3000031;533.7999878;879.5999756;0;90481;75.19999695
197911;-0.756;-0.401;-11.28999996;28;6;22.63999939;0.209999993;51.75910187;229;541.0999756;887.2000122;0;90573;75.90000153
197912;-0.701;-0.284;-13.97999954;27.39999962;13;19.93000031;0.219999999;51.79740143;229.8999939;543.2999878;893.0999756;0;90672;76.69999695
198001;-0.772;-0.510;-15.56999969;73.5;14;20.92000008;0.219999999;52.06769943;239.6000061;554.2000122;903.5;0;90800;77.80000305
198002;-0.759;-0.547;-16.61000061;119.0999985;8;21.62999916;0.230000004;52.08990097;232.8999939;560.2000122;908.2999878;1;90883;78.90000153
198003;-0.577;-0.668;-13.42000008;28.5;9;19.87999916;0.25;51.86869812;223.6000061;565.4000244;919.0999756;1;90994;80.09999847
198004;-0.624;-0.555;-12.19999981;39;9;20.54000092;0.25;50.84540176;212.3999939;565.2000122;917.7000122;1;90849;81
198005;-0.379;-0.214;-12.68000031;21.60000038;13;17.51000023;0.25;49.59469986;208.5;566.4000244;925.0999756;1;90420;81.80000305
198006;-0.310;-0.152;-14.28999996;13.89999962;18;17.21999931;0.239999995;48.96210098;214.8999939;566.0999756;937.7999878;1;90101;82.69999695
198007;-0.272;-0.288;-17;12.69999981;26;16.75;0.230000004;48.60900116;226.6999969;570.2999878;950.0999756;1;89840;82.69999695
198008;-0.341;-0.218;-19.62000084;51.70000076;24;18.51000023;0.230000004;48.76459885;224;579.4000244;960.4000244;0;90099;83.30000305
198009;-0.392;-0.111;-21.20000076;37.40000153;25;19.87999916;0.239999995;49.57640076;225.3999939;579.7999878;975.2000122;0;90213;84
198010;-0.376;-0.052;-22.54999924;74.5;34;19.52000046;0.25999999;50.2057991;236.3000031;588;992.7999878;0;90490;84.80000305
198011;-0.185;0.109;-21.81999969;53.29999924;23;17.90999985;0.25999999;51.04180145;236.6999969;588.7000122;1001.400024;0;90747;85.5
198012;0.202;0.443;-22.88999939;69.09999847;35;13.52999973;0.280000001;51.3905983;235.6999969;597;1019;0;90943;86.30000305
198101;0.296;0.502;-22.92000008;31.89999962;24;17.45000076;0.289999992;51.06560135;239.8999939;609.7999878;1020.400024;0;91033;87
198102;0.524;0.749;-22.62000084;50.5;32;17.93000031;0.289999992;50.85540009;247.3000031;614.2999878;1022.599976;0;91105;87.90000153
198103;0.637;0.837;-26.07999992;37.79999924;39;14.56999969;0.289999992;51.1106987;250.8999939;618.0999756;1034;0;91210;88.5
198104;0.583;0.694;-29.64999962;16.79999924;56;16.73999977;0.300000012;50.88639832;241.6999969;621.5;1041.199951;0;91283;89.09999847
198105;0.482;0.469;-34.56999969;16.29999924;46;18.46999931;0.330000013;51.17879868;239.8000031;620.5999756;1053.400024;0;91296;89.80000305
198106;0.664;0.542;-30;13.39999962;62;14.68999958;0.370000005;51.44960022;241.3999939;626.5;1066.599976;0;91490;90.59999847
198107;0.494;0.449;-28.87999916;15.60000038;42;19.03000069;0.389999986;51.77640152;245.1999969;626.5;1070.400024;0;91601;91.59999847
198108;0.738;0.563;-26.53000069;3.599999905;37;18.05999947;0.409999996;51.71289825;260.3999939;629.7999878;1076.5;1;91565;92.30000305
198109;0.929;0.613;-24.26000023;2.200000048;20;14.93999958;0.409999996;51.46049881;250.1999969;631.0999756;1084.300049;1;91477;93.19999695
198110;0.994;0.696;-26.17000008;2.400000095;37;18.60000038;0.400000006;51.0625;237.3000031;633.4000244;1093.199951;1;91380;93.40000153
198111;1.138;0.931;-22.89999962;5.900000095;27;15.47000027;0.379999995;50.47299957;237;633.7000122;1100;1;91171;93.69999695
198112;1.371;1.252;-22.80999947;4.699999809;28;12.73999977;0.360000014;49.93640137;236.3000031;640;1112.5;1;90895;94
198201;1.201;1.038;-22.85000038;6.199999809;15;14.89000034;0.370000005;48.91139984;241;637.2999878;1118.800049;1;90565;94.30000305
198202;1.318;0.913;-21.51000023;2;14;10.88000011;0.379999995;49.91019821;249.3000031;643.4000244;1128.5;1;90563;94.59999847
198203;1.452;0.982;-20.46999931;0.200000003;13;8.899999619;0.370000005;49.56909943;249;638.9000244;1136.199951;1;90434;94.5
198204;1.330;0.820;-21.84000015;21.60000038;18;10.89999962;0.389999986;49.11460114;244.8999939;637.5;1144;1;90150;94.90000153
198205;1.392;0.933;-20.40999985;2.099999905;19;10.46000004;0.379999995;48.7804985;256.7999878;638.5999756;1149.099976;1;90107;95.80000305
198206;1.299;0.994;-19.61000061;29.89999962;14;6.940000057;0.370000005;48.66059875;246;640;1162;1;89865;97
198207;1.132;0.843;-18.53000069;-0.899999976;14;8.949999809;0.370000005;48.48630142;247.8000031;652.5999756;1171.900024;1;89521;97.5
198208;0.918;0.487;-18.09000015;0.300000012;11;9.659999847;0.360000014;48.05690002;248.6000061;647;1184.5;1;89363;97.69999695
198209;0.786;0.253;-17.45999908;7.099999905;16;10.10999966;0.349999994;47.93030167;260;649.5999756;1195.099976;1;89183;97.90000153
198210;0.720;0.260;-21.47999954;22.20000076;22;9.289999962;0.340000004;47.47380066;254.1000061;656.5;1215.199951;1;88907;98.19999695
198211;0.773;0.156;-25.69000053;60.70000076;22;4.940000057;0.360000014;47.31999969;268.1000061;655;1226.199951;1;88786;98
198212;0.791;0.254;-25.62000084;31.5;44;2.440000057;0.360000014;46.98130035;270.7999878;658.7999878;1232;0;88771;97.59999847
198301;0.616;0.337;-30.19000053;32.59999847;24;5.849999905;0.349999994;47.85229874;268.2999878;655.0999756;1250.599976;0;88990;97.80000305
198302;0.480;0.360;-30.95999908;22.10000038;41;7.369999886;0.360000014;47.56669998;266.7999878;652.9000244;1257.300049;0;88917;97.90000153
198303;0.294;0.118;-30.67000008;32.79999924;60;11;0.379999995;47.9598999;271.6000061;663.0999756;1268.099976;0;89090;97.90000153
198304;0.389;0.107;-24;34;43;9.960000038;0.370000005;48.5564003;281.7000122;665.2999878;1279.400024;0;89364;98.59999847
198305;0.324;-0.110;-28.23999977;44;68;11.14999962;0.370000005;48.86470032;288.7999878;672.7000122;1284.300049;0;89644;99.19999695
198306;0.406;-0.072;-30.63999939;48.20000076;85;11;0.389999986;49.15579987;298.2000122;681.0999756;1296.699951;0;90021;99.5
198307;0.577;0.092;-28.38999939;28.29999924;95;7.769999981;0.389999986;49.88729858;303.3999939;686.2999878;1314.699951;0;90437;99.90000153
198308;0.591;0.155;-26.06999969;12.5;104;10.09000015;0.409999996;50.48429871;301.2000122;688.2000122;1331.099976;0;90129;100.1999969
198309;0.721;0.240;-25.54999924;12;84;8.989999771;0.419999987;51.2159996;302.6000061;690.7999878;1341.5;0;91247;100.6999969
198310;1.275;0.730;-20.67000008;7.5;86;2.140000105;0.430000007;51.61389923;313.7000122;693.7999878;1350.099976;0;91520;101
198311;1.552;1.031;-22.04000092;6.599999905;84;3.299999952;0.430000007;51.84199905;315.8999939;696.5;1353.900024;0;91875;101.1999969
198312;1.751;1.160;-21.76000023;2.5;109;2.930000067;0.430000007;52.09479904;328.2999878;699.2000122;1366.099976;0;92230;101.3000031
198401;2.168;1.779;-19.82999992;12.60000038;67;-1.450000048;0.419999987;53.13479996;336.7999878;710.5;1372;0;92673;101.9000015
198402;2.307;2.022;-21.17000008;10.80000019;61;-3.279999971;0.400000006;53.37630081;328.7000122;701.5;1373.300049;0;93157;102.4000015
198403;2.250;1.979;-19.96999931;11.5;56;-1.080000043;0.379999995;53.63140106;328.7999878;707.4000244;1395.5;0;93429;102.5999985
198404;1.956;1.649;-20.85000038;13.10000038;39;1.679999948;0.360000014;53.94910049;336;716.5999756;1404.900024;0;93792;103.0999985
198405;2.235;1.992;-20.37000084;8.899999619;50;-0.230000004;0.360000014;54.23960114;341.7000122;719.7000122;1413.099976;0;94098;103.4000015
198406;2.234;1.902;-20.27000046;7.199999809;49;1.340000033;0.319999993;54.42879868;346.1000061;730.9000244;1418.599976;0;94479;103.6999969
198407;2.128;1.897;-18.55999947;14.80000019;39;0.25;0.289999992;54.58649826;341.5;720.2000122;1432.900024;0;94789;104.0999985
198408;1.786;1.688;-19.12999916;8.199999809;51;3.160000086;0.270000011;54.65299988;339.7000122;721.9000244;1450.599976;0;95032;104.5
198409;1.737;1.756;-17.90999985;10.39999962;28;1;0.239999995;54.49489975;345;731.7000122;1457.199951;0;95344;105
198410;1.386;1.360;-16.59000015;16.39999962;40;2.960000038;0.209999993;54.47719955;343;728.7000122;1459.5;0;95629;105.3000031
198411;1.391;1.391;-14.34000015;14;40;0.600000024;0.189999998;54.65940094;358.3999939;736.7000122;1476.300049;0;95982;105.3000031
198412;1.181;1.176;-15.94999981;12.30000019;32;1.149999976;0.170000002;54.68920135;360.1000061;732.9000244;1489.699951;0;96107;105.3000031
198501;1.065;0.927;-18.30999947;13.5;30;1.080000043;0.170000002;54.65050125;365.5;737;1516.199951;0;96372;105.5
198502;0.939;0.760;-18.46999931;19.60000038;26;3.420000076;0.170000002;54.81689835;364.8999939;745.7000122;1530.199951;0;96503;106
198503;0.864;0.795;-17.40999985;29.29999924;39;3.069999933;0.159999996;54.89780045;373.6000061;744.4000244;1530.400024;0;96842;106.4000015
198504;0.860;0.867;-15.02999973;7;40;3.24000001;0.159999996;54.78329849;365.7000122;754;1539.800049;0;97038;106.9000015
198505;0.775;0.752;-14.18000031;23.20000076;40;3.309999943;0.159999996;54.87039948;384.2999878;753.9000244;1558.199951;0;97312;107.3000031
198506;0.651;0.687;-13.59000015;14.60000038;40;3.900000095;0.159999996;54.84009933;369.7000122;750.4000244;1569.300049;0;97459;107.5999985
198507;0.585;0.625;-14.97999954;14.39999962;45;3.559999943;0.159999996;54.55820084;376.2999878;755.2000122;1584.099976;0;97648;107.8000031
198508;0.671;0.614;-14.10999966;4.900000095;46;1.730000019;0.170000002;54.73809814;390.2999878;761.2000122;1600.599976;0;97840;108
198509;0.667;0.454;-12.63000011;14.89999962;44;1.360000014;0.170000002;54.9416008;422.7000122;765;1606.900024;0;98045;108.3000031
198510;0.586;0.555;-11.65999985;3.599999905;65;3.359999895;0.170000002;54.75379944;379.2000122;766;1610.599976;0;98233;108.6999969
198511;0.527;0.527;-12.68000031;7.800000191;49;3.880000114;0.170000002;54.93899918;380.7999878;775.2000122;1615.099976;0;98443;109
198512;0.646;0.649;-13.07999992;5.599999905;43;3.49000001;0.180000007;55.49449921;391.2000122;778.9000244;1641.199951;0;98609;109.3000031
198601;0.786;0.863;-15.18000031;4.699999809;37;1.809999943;0.170000002;55.78020096;401.3999939;784.4000244;1641.300049;0;98732;109.5999985
198602;0.667;0.741;-15.34000015;11.89999962;52;5.579999924;0.170000002;55.3993988;389.3999939;776.7000122;1654.199951;0;98847;109.3000031
198603;0.644;0.603;-14.31000042;24.79999924;71;7.099999905;0.170000002;55.00009918;384.1000061;776.7000122;1662.800049;0;98934;108.8000031
198604;0.573;0.500;-15.31999969;16.29999924;48;7.019999981;0.159999996;55.06409836;404;761.4000244;1669.800049;0;99121;108.5999985
198605;0.603;0.517;-15.48999977;14.10000038;88;7.989999771;0.170000002;55.17050171;414.2000122;768.5999756;1674.699951;0;99248;108.9000015
198606;0.589;0.620;-14.06999969;10.89999962;122;10.42000008;0.159999996;54.95880127;403.7000122;772.2999878;1685.699951;0;99155;109.5
198607;0.830;0.773;-11.80000019;8.800000191;95;7.199999809;0.159999996;55.29439926;415.8999939;771.5999756;1693.699951;0;99473;109.5
198608;0.926;0.826;-10.75;8.199999809;92;5.619999886;0.159999996;55.20289993;434.3999939;768.5;1695.699951;0;99588;109.6999969
198609;1.008;0.741;-10.63000011;16.79999924;67;3.619999886;0.159999996;55.35110092;486.7999878;773.0999756;1711.900024;0;99934;110.1999969
198610;1.043;0.970;-10.81999969;3.900000095;86;1.960000038;0.159999996;55.58570099;434.8999939;778.2999878;1719.699951;0;100121;110.3000031
198611;1.186;1.194;-10.27000046;6.699999809;90;0.170000002;0.159999996;55.8030014;420;775.2000122;1733.199951;0;100308;110.4000015
198612;1.225;1.159;-11.07999992;3.299999952;105;0.920000017;0.159999996;56.34410095;468.5;783.5;1745.099976;0;100509;110.5
198701;1.188;1.295;-13.18999958;15.30000019;38;2.75;0.159999996;56.12590027;399.7000122;782.9000244;1752.900024;0;100678;111.1999969
198702;1.047;1.065;-16.62999916;10.80000019;58;5.980000019;0.159999996;56.87789917;427;805.7999878;1769;0;100919;111.5999985
198703;0.988;1.083;-16.09000015;14.60000038;73;7.119999886;0.170000002;56.95159912;428.7999878;803.5;1781;0;101164;112.0999985
198704;1.018;1.023;-13.27000046;9.399999619;57;7.679999828;0.170000002;57.31769943;437.6000061;809;1792.199951;0;101499;112.6999969
198705;0.914;0.968;-13.31999969;7.5;51;8.890000343;0.170000002;57.67739868;434;812.4000244;1802;0;101728;113.0999985
198706;0.830;0.775;-11.27999973;9.699999809;80;8.590000153;0.170000002;57.98749924;445.7000122;815.4000244;1811.599976;0;101900;113.5
198707;0.689;0.623;-9.869999886;13.89999962;84;9.960000038;0.180000007;58.37900162;452.3999939;817.2999878;1825;0;102247;113.8000031
198708;0.555;0.417;-10.64999962;9.199999809;63;11.38000011;0.170000002;58.81710052;468.8999939;822.5;1839.400024;0;102420;114.4000015
198709;0.589;0.545;-11.51000023;8.5;60;10.48999977;0.170000002;59.03910065;460.2999878;822.2000122;1844;0;102647;115
198710;0.471;0.343;-5.190000057;4.900000095;38;11.85999966;0.170000002;59.83399963;443.1000061;824.2000122;1867.300049;0;103138;115.3000031
198711;0.510;0.466;-5.880000114;11.60000038;21;8.470000267;0.159999996;60.13669968;447.3999939;826.2000122;1870.599976;0;103372;115.4000015
198712;0.204;0.029;-7.659999847;4.199999809;7;12.69999981;0.150000006;60.47389984;459.3999939;830;1884.699951;0;103661;115.4000015
198801;0.209;0.144;-4.329999924;5.639999866;12;13.39999962;0.150000006;60.45940018;470.2999878;832.2000122;1911.300049;0;103753;115.6999969
198802;0.253;0.153;-4.78000021;17.05999947;14;13.30000019;0.150000006;60.7643013;468.7000122;832.7000122;1920.099976;0;104214;116
198803;0.126;-0.015;-7.579999924;4.699999809;19;13.81999969;0.140000001;60.89479828;472.3999939;850.2999878;1937.900024;0;104489;116.5
198804;-0.033;-0.061;-7.579999924;12.28999996;19;14.27999973;0.129999995;61.24750137;467.7999878;849.2000122;1946.099976;0;104732;117.0999985
198805;-0.049;-0.012;-6.230000019;8.619999886;24;13.48999977;0.119999997;61.13529968;474.7000122;854.4000244;1964.599976;0;104962;117.5
198806;-0.141;-0.179;-7.940000057;15.77000046;26;12.75;0.119999997;61.29949951;477.2999878;857.0999756;1984.199951;0;105326;118
198807;-0.240;-0.213;-6.320000172;6.960000038;24;12.72999954;0.119999997;61.31100082;472.3999939;864.7000122;2005.699951;0;105550;118.5
198808;-0.272;-0.160;-5.869999886;6.760000229;20;12.64999962;0.109999999;61.62340164;470.1000061;871.5999756;2026.199951;0;105674;119
198809;-0.347;0.012;-4.78000021;7.610000134;11;13.18999958;0.109999999;61.42549896;468.7000122;876;2030.300049;0;106013;119.8000031
198810;-0.511;-0.294;-2.180000067;14.86999989;25;12.81999969;0.109999999;61.69400024;477.8999939;883.9000244;2051.899902;0;106276;120.1999969
198811;-0.502;-0.383;-2.039999962;6.880000114;13;13.02000046;0.109999999;61.84939957;481.7999878;888;2060.399902;0;106617;120.3000031
198812;-0.444;-0.170;-4.159999847;6.670000076;20;13.69999981;0.109999999;62.11709976;498.8999939;887.0999756;2073.800049;0;106898;120.5
198901;-0.481;-0.458;-4.880000114;5.630000114;8;12.17000008;0.109999999;62.31029892;496.2000122;902.5999756;2085;0;107161;121.0999985
198902;-0.503;-0.341;-6.190000057;17.06999969;13;12.96000004;0.109999999;62.03530121;481.2999878;900.5;2106.300049;0;107427;121.5999985
198903;-0.494;-0.292;-5.809999943;29.61000061;11;13.68000031;0.100000001;62.19499969;481.8999939;904.5;2112.300049;0;107621;122.3000031
198904;-0.476;-0.249;-11.26000023;15.52000046;12;13.14999962;0.100000001;62.1753006;500.3999939;920.5999756;2122;0;107791;123.0999985
198905;-0.528;-0.274;-11.94999981;16.34000015;24;13.43000031;0.090000004;61.83209991;487.6000061;930.2000122;2134;0;107913;123.8000031
198906;-0.403;-0.090;-11.76000023;6.190000057;17;11.63000011;0.090000004;61.82460022;492;932.5;2142.100098;0;108027;124.0999985
198907;-0.506;-0.146;-9.720000267;3.089999914;18;12.17000008;0.090000004;61.22850037;497.3999939;932.5999756;2155.699951;0;108069;124.4000015
198908;-0.549;-0.168;-11;31.87000084;15;12.63000011;0.090000004;61.83340073;518.7000122;935;2166.899902;0;108120;124.5999985
198909;-0.536;-0.201;-12.57999992;14.30000019;13;11.75;0.090000004;61.62210083;500.7999878;941.2000122;2179.800049;0;108369;125
198910;-0.557;-0.293;-10.52999973;13.68999958;17;11.10999966;0.090000004;61.55369949;493.8999939;943;2196.699951;0;108476;125.5999985
198911;-0.513;-0.221;-9.119999886;8.479999542;31;10.34000015;0.090000004;61.75749969;490.1000061;948.5999756;2204.600098;0;108752;125.9000015
198912;-0.357;-0.088;-7.559999943;2.609999895;25;8.380000114;0.100000001;62.11109924;491.6000061;962.4000244;2230.100098;0;108836;126.0999985
199001;-0.327;-0.042;-6.800000191;18.11000061;12;8.300000191;0.100000001;61.77809906;536.4000244;965.2999878;2229;0;109199;127.4000015
199002;-0.301;0.041;-7.96999979;17.88999939;13;8.510000229;0.100000001;62.34260178;505.8999939;975.7000122;2246.600098;0;109435;128
199003;-0.265;0.038;-9.079999924;20.30999947;19;8.600000381;0.109999999;62.64459991;503.7999878;981.5;2269.600098;0;109644;128.6999969
199004;-0.058;0.136;-8.840000153;8.520000458;22;7.820000172;0.119999997;62.51039886;505.7000122;976.5;2287.800049;0;109686;128.8999939
199005;-0.136;0.067;-10.14000034;26.21999931;19;10.34000015;0.119999997;62.68980026;495.2999878;977.4000244;2303.100098;0;109839;129.1999969
199006;-0.133;0.047;-10.65999985;21.01000023;22;9.779999733;0.119999997;62.89229965;494.2999878;988.5999756;2321.600098;0;109856;129.8999939
199007;-0.208;-0.097;-7.090000153;6.989999771;24;10.09000015;0.109999999;62.79330063;496.2999878;991.0999756;2334.300049;0;109824;130.3999939
199008;-0.090;-0.123;-4.659999847;4.349999905;15;9.340000153;0.109999999;63.02410126;489.2999878;1004.200012;2354.800049;1;109616;131.6000061
199009;-0.085;-0.413;-2.119999886;25.42000008;7;10.06999969;0.100000001;63.03279877;495.1000061;1014.099976;2361;1;109518;132.6999969
199010;-0.086;-0.333;-0.109999999;0.419999987;4;8.399999619;0.100000001;62.64659882;486.1000061;1016.299988;2368.100098;1;109367;133.5
199011;-0.187;-0.363;-1.169999957;3.390000105;5;8.760000229;0.090000004;61.86809921;482.7000122;1023.5;2365.699951;1;109214;133.8000031
199012;-0.214;-0.227;-1.49000001;9.930000305;10;7.489999771;0.079999998;61.43450165;474;1016.5;2370.800049;1;109166;133.8000031
199101;-0.256;-0.417;-4.869999886;45.34999847;4;7.880000114;0.07;61.22409821;452.7000122;1013;2375.300049;1;109055;134.6000061
199102;-0.173;-0.323;-5.590000153;29.79000092;7;6.610000134;0.07;60.77899933;467;1010.900024;2388.800049;1;108734;134.8000031
199103;-0.227;-0.387;-7.800000191;23.05999947;18;8.199999809;0.059999999;60.43769836;495.3999939;1018.599976;2399;1;108574;135
199104;-0.207;-0.137;-6.239999771;11.39000034;28;7.639999866;0.07;60.59820175;474.3999939;1017.200012;2415.399902;0;108364;135.1999969
199105;-0.104;0.277;-6.019999981;15.71000004;28;6.920000076;0.079999998;61.20410156;473.5;1026.699951;2432.899902;0;108249;135.6000061
199106;-0.021;0.380;-5.329999924;8.529999733;47;6.900000095;0.090000004;61.69229889;477.7999878;1021.299988;2441.399902;0;108334;136
199107;-0.160;0.231;-6.28000021;9.270000458;38;8.260000229;0.090000004;61.85689926;485.3999939;1025.199951;2455.5;0;108292;136.1999969
199108;-0.262;0.226;-7.769999981;15.23999977;35;8.829999924;0.100000001;61.86809921;479.7999878;1026.400024;2463;0;108310;136.6000061
199109;-0.220;0.135;-9.989999771;14.97000027;23;7.079999924;0.109999999;62.38550186;487.8999939;1021.599976;2475.199951;0;108336;137.1999969
199110;-0.202;0.116;-11.38000011;12.90999985;46;6.760000229;0.129999995;62.32289886;474.1000061;1018.400024;2483.5;0;108357;137.3999939
199111;-0.015;0.200;-11.52000046;14.77999973;51;4.849999905;0.140000001;62.24269867;477.2999878;1022.599976;2503.600098;0;108296;137.8000031
199112;0.085;0.247;-13.48999977;14.38000011;42;4.550000191;0.150000006;61.97050095;480.8999939;1021;2518.600098;0;108328;137.8999939
199201;0.209;0.480;-17.39999962;21.26000023;42;5.28000021;0.159999996;61.64709854;495.6000061;1040;2549.100098;0;108369;138.1000061
199202;0.366;0.479;-18.35000038;22.37000084;46;3.640000105;0.170000002;62.07939911;501.2999878;1038.599976;2559.699951;0;108311;138.6000061
199203;0.541;0.559;-16.12999916;15.36999989;67;2.710000038;0.180000007;62.59550095;491.7000122;1034.400024;2590.899902;0;108365;139.3000031
199204;0.466;0.555;-5.170000076;4.510000229;45;4.019999981;0.180000007;63.07260132;490;1043.300049;2598.199951;0;108519;139.5
199205;0.455;0.545;-4.5;4.550000191;48;3.880000114;0.170000002;63.27610016;501.8999939;1048.400024;2608;0;108649;139.6999969
199206;0.464;0.540;-3.440000057;3.75;44;2.200000048;0.180000007;63.31019974;511;1049.900024;2616.100098;0;108715;140.1999969
199207;0.449;0.515;-3.5;6.099999905;34;3.019999981;0.180000007;63.87689972;507.2000122;1056.199951;2641.300049;0;108793;140.5
199208;0.538;0.586;-2.859999895;6.5;36;2.289999962;0.170000002;63.52209854;511.8999939;1061.300049;2647.699951;0;108925;140.8999939
199209;0.603;0.660;-4.71999979;12.53999996;22;2.059999943;0.170000002;63.72169876;517.0999756;1065.599976;2672.5;0;108959;141.3000031
199210;0.566;0.600;-7.840000153;11.93999958;51;3.779999971;0.159999996;64.1556015;522.7000122;1073.900024;2688.100098;0;109139;141.8000031
199211;0.616;0.681;-10.61999989;18.47999954;27;2.099999905;0.150000006;64.41439819;514.0999756;1071.5;2714.899902;0;109272;142
199212;0.720;0.717;-12.18999958;19.57999992;47;1.200000048;0.150000006;64.51609802;532.4000244;1079;2725;0;109495;141.8999939
199301;0.766;0.713;-13.93999958;11.85000038;22;2.089999914;0.140000001;64.77380371;538.0999756;1078.5;2724.100098;0;109794;142.6000061
199302;0.834;0.880;-10.5;18.67000008;36;1.190000057;0.140000001;65.08049774;524.2000122;1081.400024;2749.699951;0;110044;143.1000061
199303;0.735;1.013;-12.28999996;16.89999962;62;1.779999971;0.140000001;65.01760101;521.2000122;1077.5;2753.800049;0;109994;143.6000061
199304;0.382;0.548;-7.130000114;13.75;31;2.049999952;0.129999995;65.20410156;543;1082.400024;2768;0;110296;144
199305;0.258;0.373;-9.430000305;18.40999985;48;3.940000057;0.129999995;64.94329834;552;1091.699951;2778.699951;0;110568;144.1999969
199306;0.224;0.295;-10.64000034;20.21999931;57;4.199999809;0.129999995;65.0983963;548.5999756;1084.900024;2806.5;0;110749;144.3999939
199307;0.261;0.410;-11.39999962;12.30000019;58;3.970000029;0.129999995;65.25540161;558.5999756;1091.900024;2818.5;0;111055;144.3999939
199308;0.196;0.280;-13.22999954;11.96000004;54;5.21999979;0.129999995;65.19460297;551.5;1090.400024;2839.199951;0;111206;144.8000031
199309;0.255;0.358;-16.37999916;18.09000015;47;5.809999943;0.140000001;65.52819824;559.7999878;1095.300049;2856.399902;0;111448;145.1000061
199310;0.416;0.475;-14.86999989;18.97999954;58;4.260000229;0.140000001;66.01519775;568.9000244;1100.199951;2863.699951;0;111733;145.6999969
199311;0.565;0.688;-13.28999996;11.52999973;78;4.03000021;0.140000001;66.32920074;574.2000122;1107.199951;2872.699951;0;111984;145.8000031
199312;0.600;0.698;-15.19999981;11.23999977;76;5.260000229;0.140000001;66.70379639;578.2999878;1108.5;2884.300049;0;112314;145.8000031
199401;0.635;0.726;-15.38000011;12.69999981;26;5.409999847;0.150000006;66.91639709;579.5999756;1109.900024;2895.600098;0;112595;146.1999969
199402;0.555;0.681;-16.45999908;16.89999962;62;5.550000191;0.150000006;66.96420288;593.2999878;1117.800049;2921.5;0;112781;146.6999969
199403;0.498;0.528;-15.27999973;12.80000019;61;7.980000019;0.150000006;67.63349915;593.5999756;1122.800049;2929.600098;0;113242;147.1999969
199404;0.429;0.380;-9.06000042;17.20000076;48;7.25;0.150000006;68.03340149;607;1126.099976;2938;0;113586;147.3999939
199405;0.558;0.530;-7.409999847;7.199999809;71;7.150000095;0.150000006;68.35310364;588.9000244;1124;2956.699951;0;113921;147.5
199406;0.665;0.704;-6;7.900000095;53;6.260000229;0.150000006;68.80020142;600.2999878;1134.199951;2974.399902;0;114238;148
199407;0.587;0.590;-5.369999886;11;41;8.010000229;0.140000001;68.88629913;602.0999756;1139.300049;2979.300049;0;114610;148.3999939
199408;0.615;0.650;-7.699999809;11.69999981;43;8.340000153;0.140000001;69.34120178;612;1155;2995.699951;0;114896;149
199409;0.622;0.668;-8.720000267;22.10000038;37;10.03999996;0.140000001;69.55740356;613.7999878;1154.5;3006.699951;0;115247;149.3999939
199410;0.487;0.470;-9.020000458;17.60000038;46;12.01000023;0.129999995;70.1190033;629.5999756;1161.099976;3022.199951;0;115458;149.5
199411;0.486;0.405;-9.170000076;19.39999962;44;9.739999771;0.129999995;70.59420013;635.0999756;1159.099976;3031.399902;0;115869;149.6999969
199412;0.356;0.341;-9.210000038;8.199999809;36;12.14000034;0.119999997;71.28140259;630.7000122;1168.800049;3042.100098;0;116165;149.6999969
199501;0.413;0.455;-7.460000038;13.19999981;18;10.77999973;0.119999997;71.43029785;623.5999756;1173;3054.699951;0;116501;150.3000031
199502;0.432;0.418;-8.170000076;19.79999924;37;10.31999969;0.119999997;71.33429718;613;1161;3076.699951;0;116697;150.8999939
199503;0.285;0.255;-9.020000458;23.20000076;29;11.64999962;0.109999999;71.44509888;627.2000122;1166.599976;3091.600098;0;116907;151.3999939
199504;0.079;0.151;-3.690000057;18.79999924;31;11.96000004;0.100000001;71.3289032;613.2000122;1168.400024;3108.699951;0;117069;151.8999939
199505;-0.054;0.065;-3.319999933;24;35;12.56999969;0.109999999;71.66000366;624.7999878;1178.5;3129.800049;0;117049;152.1999969
199506;-0.098;-0.042;-7.550000191;18.5;55;12.07999992;0.100000001;71.896698;642.7999878;1184.099976;3150.600098;0;117286;152.5
199507;-0.163;-0.086;-10.68000031;21.79999924;50;13.52000046;0.109999999;71.5923996;631;1182.900024;3156.300049;0;117380;152.5
199508;-0.046;-0.058;-11.90999985;25.39999962;53;12.59000015;0.109999999;72.5338974;645.2999878;1178.599976;3181.399902;0;117634;152.8999939
199509;0.011;0.013;-11.05000019;18.10000038;35;11.96000004;0.109999999;72.8246994;651.2999878;1189.5;3179.600098;0;117875;153.1999969
199510;0.041;0.114;-9;12.5;62;11.97000027;0.119999997;72.71299744;638.0999756;1181.5;3194.300049;0;118031;153.6999969
199511;0.129;0.178;-8.68999958;26.5;84;11.51000023;0.119999997;72.88839722;650.5999756;1191.5;3213.399902;0;118175;153.6000061
199512;0.175;0.234;-8.449999809;18.70000076;77;11.59000015;0.119999997;73.14289856;668;1201.900024;3227.5;0;118320;153.5
199601;0.230;0.360;-7.400000095;20.46999931;29;9.590000153;0.119999997;72.74710083;645.7999878;1200.099976;3239.800049;0;118316;154.3999939
199602;0.234;0.350;-9.960000038;18.94000053;65;10.86999989;0.129999995;73.78710175;663.2000122;1209.300049;3260.300049;0;118739;154.8999939
199603;0.300;0.396;-9.760000229;17.68000031;73;11.44999981;0.129999995;73.67489624;670.4000244;1224.099976;3278.800049;0;118993;155.6999969
199604;0.208;0.316;-15.36999989;31.26000023;67;11.53999996;0.150000006;74.41529846;679.5;1237.5;3290.899902;0;119158;156.3000031
199605;0.269;0.319;-16.69000053;27.95000076;94;12.68000031;0.159999996;74.97180176;680.0999756;1238;3305.699951;0;119486;156.6000061
199606;0.483;0.554;-14.01000023;14.52999973;87;12.15999985;0.170000002;75.53170013;669.4000244;1243.099976;3317.300049;0;119769;156.6999969
199607;0.573;0.648;-9.529999733;10.55000019;66;13.02999973;0.170000002;75.53230286;672.9000244;1244.300049;3334.699951;0;120015;157
199608;0.704;0.832;-12.26000023;9.229999542;58;11.71000004;0.170000002;75.91290283;681.7000122;1246.199951;3347.100098;0;120199;157.3000031
199609;0.696;0.790;-14.06999969;20.13999939;59;11.85000038;0.170000002;76.40319824;683.5999756;1249;3364;0;120410;157.8000031
199610;0.682;0.815;-10.69999981;11.21000004;106;11.89999962;0.180000007;76.39309692;688.7999878;1263.199951;3376.399902;0;120665;158.3000031
199611;0.663;0.794;-10.27000046;11.48999977;81;12.82999992;0.189999998;77.06719971;692.2000122;1266.5;3392.5;0;120961;158.6000061
199612;0.736;0.813;-11.02000046;10.69999981;60;11.06000042;0.200000003;77.5542984;687.7999878;1275.199951;3415.600098;0;121143;158.6000061
199701;0.732;0.744;-11.51000023;11.89999962;34;10.90999985;0.209999993;77.69450378;703.2999878;1272.099976;3435.699951;0;121363;159.1000061
199702;0.795;0.796;-7.110000134;10.5;62;10.76000023;0.200000003;78.61199951;702;1283.099976;3448.899902;0;121675;159.6000061
199703;0.763;0.762;-6.340000153;9.699999809;39;10.18999958;0.200000003;79.10209656;711.5;1287.800049;3454.899902;0;121990;160
199704;0.940;0.923;0.779999971;8.399999619;31;9.140000343;0.189999998;79.16829681;697.5;1278.599976;3483.300049;0;122286;160.1999969
199705;0.807;0.819;-3.589999914;19.5;41;11.71000004;0.180000007;79.60839844;690.2000122;1273;3497;0;122546;160.1000061
199706;0.719;0.801;-2.920000076;14.80000019;63;10.90999985;0.170000002;79.98020172;702.0999756;1281.599976;3510.600098;0;122814;160.3000031
199707;0.514;0.511;-5.53000021;16;54;11.80000019;0.159999996;80.64920044;715.7000122;1291.099976;3542;0;123111;160.5
199708;0.630;0.592;-10.11999989;14.69999981;46;9.930000305;0.159999996;81.45480347;732.5999756;1297.699951;3556.699951;0;123093;160.8000031
199709;0.763;0.777;-12.30000019;23.10000038;52;7.940000057;0.159999996;82.21199799;720;1303.199951;3578.5;0;123585;161.1999969
199710;0.563;0.480;-10.60000038;19.20000076;65;8.800000191;0.150000006;82.93090057;724.7000122;1303.900024;3609.100098;0;123929;161.6000061
199711;0.604;0.551;-6.539999962;7.400000095;80;6.849999905;0.150000006;83.59190369;740.7999878;1312.699951;3607.600098;0;124235;161.5
199712;0.643;0.655;-4.900000095;7.599999905;35;5.269999981;0.140000001;83.96959686;746.0999756;1306.800049;3639.199951;0;124549;161.3000031
199801;0.606;0.573;-4.860000134;10.60000038;17;5.619999886;0.129999995;84.34670258;733;1309.400024;3647.399902;0;124812;161.6000061
199802;0.411;0.409;-7.409999847;15.5;45;6.5;0.129999995;84.4865036;739.4000244;1306.5;3677.899902;0;125016;161.8999939
199803;0.343;0.326;-8.729999542;17.70000076;34;7.360000134;0.140000001;84.52120209;740.7000122;1304.099976;3705.5;0;125164;162.1999969
199804;0.030;0.034;-5.090000153;22.70000076;38;9.329999924;0.140000001;84.82749939;758.0999756;1313.599976;3716.399902;0;125442;162.5
199805;0.152;0.139;-1.50999999;11.60000038;46;8.630000114;0.140000001;85.35959625;778.2999878;1317.699951;3741.899902;0;125844;162.8000031
199806;0.106;0.055;-4.039999962;9.800000191;56;9.210000038;0.150000006;84.84660339;771.2999878;1328.400024;3771.899902;0;126076;163
199807;0.253;0.276;-2.839999914;17;44;7.460000038;0.150000006;84.50610352;769.4000244;1334.099976;3786.399902;0;126205;163.1999969
199808;0.320;0.319;4.960000038;13.60000038;19;8.130000114;0.140000001;86.24639893;784.9000244;1333.199951;3806.899902;0;126544;163.3999939
199809;0.267;0.274;0.639999986;82.19999695;3;9.409999847;0.140000001;86.17070007;800.9000244;1337.199951;3827.600098;0;126752;163.6000061
199810;0.162;0.209;2.49000001;14.10000038;3;9.369999886;0.129999995;86.76709747;819.4000244;1344.800049;3834.5;0;126954;164
199811;-0.026;0.015;1.090000033;55.79999924;17;8.960000038;0.119999997;86.69290161;817.9000244;1354;3843.5;0;127231;164
199812;-0.229;-0.230;-5.389999866;53.5;22;12.14000034;0.119999997;87.06330109;838.2000122;1366.599976;3865.699951;0;127596;163.8999939
199901;-0.214;-0.126;-12.43000031;99.5;12;11.64000034;0.119999997;87.42520142;808.4000244;1380;3885.5;0;127702;164.3000031
199902;-0.081;-0.008;-9.449999809;59;34;10.18000031;0.119999997;87.9260025;824.0999756;1384.800049;3890.300049;0;128120;164.5
199903;-0.105;0.001;-13.89000034;87.5;21;11.28999996;0.109999999;88.11009979;827.4000244;1390.099976;3915.600098;0;128227;165
199904;-0.201;-0.159;2.640000105;70.59999847;35;11.43000031;0.100000001;88.31060028;841.2999878;1414.300049;3943.899902;0;128597;166.1999969
199905;-0.233;-0.248;1.340000033;51.20000076;52;9.789999962;0.100000001;88.84870148;855.4000244;1420.800049;3956;0;128808;166.1999969
199906;-0.102;-0.098;0.699999988;34.29999924;60;8.25;0.100000001;88.79779816;867.7000122;1419.699951;3972.800049;0;129089;166.1999969
199907;-0.171;-0.183;0.25999999;60.70000076;62;9.590000153;0.100000001;89.31189728;865.2000122;1421.800049;4000.5;0;129414;166.6999969
199908;-0.358;-0.284;-0.219999999;39.90000153;39;9.510000229;0.100000001;89.71089935;871.9000244;1439.300049;4020.699951;0;129569;167.1000061
199909;-0.150;-0.137;-4.550000191;79.90000153;40;8.399999619;0.109999999;89.33309937;876.4000244;1459.099976;4051;0;129772;167.8999939
199910;-0.245;-0.285;-5.489999771;73.5;56;10.43000031;0.109999999;90.49240112;868;1462.199951;4081.199951;0;130177;168.1999969
199911;-0.092;-0.136;-14.21000004;105;54;10.90999985;0.129999995;90.96499634;871.2000122;1467.800049;4109.700195;0;130466;168.3000031
199912;0.178;0.082;-27.97999954;114.5999985;40;11.21000004;0.140000001;91.68039703;889.7999878;1518;4133.200195;0;130772;168.3000031
200001;0.536;0.427;-30.64999962;86.5;15;9.449999809;0.150000006;91.62609863;908.5999756;1463.699951;4170.600098;0;131005;168.8000031
200002;0.481;0.309;-50.22999954;116.1999969;55;12.06999969;0.159999996;91.96260071;930.7000122;1485.400024;4209.100098;0;131124;169.8000031
200003;0.849;0.730;-47.84999847;85;53;10.21000004;0.170000002;92.3117981;923.2999878;1527.5;4235.700195;0;131596;171.1999969
200004;0.378;0.278;-36.38000107;35.59999847;35;13.64000034;0.180000007;92.8871994;900.5999756;1528.199951;4250.200195;0;131888;171.3000031
200005;0.673;0.614;-28.01000023;23.79999924;22;10.11999989;0.180000007;93.16200256;907;1532;4270.700195;0;132105;171.5
200006;0.881;0.804;-41.61000061;46.29999924;36;7.340000153;0.180000007;93.21679688;898.2000122;1545.099976;4303.600098;0;132061;172.3999939
200007;1.160;1.143;-37.91999817;68.09999847;43;3.940000057;0.170000002;93.04000092;897.2999878;1547.800049;4323.399902;0;132236;172.8000031
200008;1.150;1.117;-43.58000183;29.39999962;66;5.659999847;0.180000007;92.79000092;906.4000244;1548.800049;4347.600098;0;132230;172.8000031
200009;1.245;1.199;-40.18999863;41.40000153;25;6.789999962;0.170000002;93.15470123;931.2999878;1575.800049;4381.5;0;132353;173.6999969
200010;1.297;1.381;-35.84999847;17.79999924;23;6.489999771;0.170000002;92.83609772;920.5999756;1572.599976;4400.600098;0;132351;174
200011;1.775;1.923;-19.29000092;15.69999981;18;2.49000001;0.150000006;92.83950043;913.4000244;1572.5;4424;0;132556;174.1000061
200012;2.043;2.243;-15.82999992;29.29999924;6;6.170000076;0.140000001;92.53340149;913.5;1587.699951;4451;0;132709;174
200101;2.269;2.400;-22.01000023;18.60000038;3;2.140000105;0.129999995;92.03040314;916.5;1582.099976;4488.899902;0;132698;175.1000061
200102;2.933;3.140;-6.789999962;6.5;8;0.550000012;0.109999999;91.40789795;938.9000244;1574.900024;4488;0;132789;175.8000031
200103;2.715;2.919;-0.649999976;5;9;2.880000114;0.100000001;91.17510223;925.0999756;1560.300049;4511.299805;0;132747;176.1999969
200104;2.354;2.542;-3.890000105;11.30000019;2;1.75;0.090000004;90.87670135;908.2999878;1582.099976;4513.799805;1;132463;176.8999939
200105;2.191;2.086;-4.130000114;25.39999962;9;-0.200000003;0.079999998;90.375;916;1603;4533.799805;1;132410;177.6999969
200106;2.580;2.508;-7.340000153;10.10000038;14;0.400000006;0.090000004;89.86260223;934.0999756;1586.800049;4548.799805;1;132299;178
200107;2.457;2.347;-2.170000076;14.39999962;8;0.589999974;0.090000004;89.32879639;925;1592;4565.299805;1;132177;177.5
200108;2.501;2.362;2.880000114;8.100000381;4;-0.49000001;0.079999998;89.2201004;942.5;1590.199951;4589;1;132028;177.5
200109;2.346;2.350;11.10000038;;0;-0.870000005;0.079999998;88.74780273;904.0999756;1591.900024;4511;1;131771;178.3000031
200110;2.114;1.841;4.590000153;14.80000019;7;-0.25;0.079999998;88.47550201;1035.099976;1592;4585.799805;1;131454;177.6999969
200111;1.396;1.144;-1.450000048;15.30000019;10;1.970000029;0.079999998;87.96309662;997;1580.599976;4604.799805;1;131142;177.3999939
200112;1.107;1.001;-3.109999895;17.29999924;10;3.579999924;0.090000004;87.93289948;955.5999756;1573.099976;4638.100098;0;130982;176.6999969
200201;1.356;1.604;-0.449999988;7.800000191;3;1.00999999;0.090000004;88.54519653;970.7000122;1578.599976;4635.299805;0;130852;177.1000061
200202;0.670;0.836;5.789999962;19.79999924;5;1.179999948;0.090000004;88.53620148;983.2000122;1584.5;4657.5;0;130736;177.8000031
200203;0.352;0.506;1.309999943;7.199999809;7;0.170000002;0.100000001;89.20970154;974.9000244;1593.800049;4674.700195;0;130717;178.8000031
200204;0.453;0.499;12.18999958;8.800000191;7;-0.090000004;0.100000001;89.63890076;1001.5;1607.300049;4703.600098;0;130623;179.8000031
200205;0.405;0.439;14.07999992;8.899999619;15;1.629999995;0.100000001;90.02709961;962.7000122;1602.599976;4723.700195;0;130634;179.8000031
200206;0.439;0.378;13.84000015;6.199999809;11;1.059999943;0.100000001;90.76450348;968;1618.699951;4735.799805;0;130684;179.8999939
200207;-0.014;-0.125;17.01000023;2.900000095;6;3.400000095;0.100000001;90.74369812;1001.599976;1617.5;4768.200195;0;130590;180.1000061
200208;-0.128;-0.207;16.79999924;;0;0.790000021;0.090000004;90.62680054;1019.700012;1616.300049;4776.600098;0;130587;180.6999969
200209;-0.610;-0.756;17.12999916;;0;3.880000114;0.090000004;90.72409821;983.9000244;1616.400024;4791.299805;0;130501;181
200210;-0.464;-0.637;13.96000004;1.899999976;8;4.260000229;0.090000004;90.48789978;969.9000244;1634.800049;4830.399902;0;130628;181.3000031
200211;-0.285;-0.447;8.680000305;6.699999809;8;3.779999971;0.090000004;90.9822998;978.5;1645;4840.299805;0;130615;181.3000031
200212;-0.374;-0.483;12.01000023;14.60000038;3;6.090000153;0.079999998;90.49189758;1009.900024;1645.800049;4864.299805;0;130472;180.8999939
200301;-0.376;-0.463;10.48999977;;0;4.210000038;0.079999998;91.23950195;982.5999756;1667.099976;4891.600098;0;130580;181.6999969
200302;-0.545;-0.511;9.640000343;-2;4;4.550000191;0.07;91.33840179;956.4000244;1687;4905.299805;0;130444;183.1000061
200303;-0.400;-0.386;9.479999542;-0.600000024;1;4.090000153;0.07;91.06900024;984.5999756;1694.300049;4932.600098;0;130232;184.1999969
200304;-0.707;-0.758;6.570000172;;0;3.910000086;0.07;90.49130249;1003.900024;1676.199951;4954.399902;0;130177;183.8000031
200305;-0.738;-0.714;1.429999948;15.69999981;2;1.889999986;0.059999999;90.46970367;1005.700012;1653;4991.700195;0;130196;183.5
200306;-0.668;-0.569;0.319999993;25.60000038;1;-0.039999999;0.059999999;90.58989716;1013.900024;1681;5004.600098;0;130194;183.6999969
200307;-0.865;-0.829;-2.720000029;22.5;8;2.039999962;0.059999999;91.06140137;1024.900024;1696.800049;5035.299805;0;130191;183.8999939
200308;-0.951;-0.961;-4.599999905;17.60000038;4;4.440000057;0.07;90.84519958;1059.300049;1733.099976;5059.700195;0;130149;184.6000061
200309;-0.807;-0.768;-3.589999914;11.80000019;7;1.190000057;0.07;91.44529724;1041.099976;1743.599976;5069;0;130254;185.1999969
200310;-0.734;-0.458;0.720000029;14.10000038;10;0.910000026;0.07;91.55950165;1036.199951;1730;5101.200195;0;130454;185
200311;-0.654;-0.485;-0.519999981;9;16;2.059999943;0.07;92.17630005;1053.5;1746.099976;5123;0;130474;184.5
200312;-0.829;-0.791;-0.050000001;9.300000191;23;4;0.07;92.25319672;1051.5;1749.5;5149.399902;0;130588;184.3000031
200401;-0.661;-0.530;-1.49000001;28;4;1.440000057;0.079999998;92.40670013;1048.099976;1775.300049;5183.700195;0;130769;185.1999969
200402;-0.531;-0.397;-0.430000007;14.89999962;17;-1.360000014;0.079999998;92.96869659;1065.199951;1764.800049;5210.399902;0;130825;186.1999969
200403;-0.601;-0.508;-1.320000052;5.400000095;13;0.689999998;0.090000004;92.59999847;1079.400024;1796.900024;5222.5;0;131142;187.3999939
200404;-0.474;-0.344;-6.170000076;25;11;-0.25;0.090000004;92.97609711;1062.800049;1788.099976;5256.299805;0;131411;188
200405;-0.476;-0.425;-7.5;9.199999809;14;3.109999895;0.100000001;93.64459991;1091.5;1810;5274.899902;0;131694;189.1000061
200406;-0.410;-0.285;-7.210000038;9.699999809;26;2.960000038;0.090000004;92.93029785;1043.599976;1810.900024;5303.100098;0;131793;189.6999969
200407;-0.149;-0.007;-2.359999895;5.199999809;26;1.720000029;0.090000004;93.61090088;1076.900024;1815.099976;5345;0;131848;189.3999939
200408;-0.001;0.140;-1.25;0.5;16;0.310000002;0.090000004;93.69580078;1079;1825.099976;5367.5;0;131937;189.5
200409;-0.049;0.019;-3.369999886;12.80000019;15;0.920000017;0.079999998;93.79579926;1099.300049;1838.699951;5403.5;0;132093;189.8999939
200410;-0.044;0.031;-5.239999771;14.89999962;28;-0.230000004;0.079999998;94.62259674;1098.599976;1868;5430.399902;0;132447;190.8999939
200411;-0.045;0.059;-8.289999962;18.60000038;15;0.419999987;0.079999998;94.84909821;1099.900024;1880.599976;5463.899902;0;132503;191
200412;-0.055;0.070;-11.07999992;15.60000038;28;-0.100000001;0.079999998;95.58409882;1122.599976;1883.800049;5498;0;132624;190.3000031
200501;0.033;0.120;-8.420000076;12.19999981;8;-0.800000012;0.07;95.92849731;1096.400024;1886.099976;5515.200195;0;132774;190.6999969
200502;-0.013;-0.002;-6.079999924;5.599999905;26;0.379999995;0.07;96.62870026;1113.199951;1897.199951;5548.700195;0;133032;191.8000031
200503;-0.033;-0.017;-6.840000153;16.5;7;0.589999974;0.059999999;96.49069977;1120.199951;1892.699951;5585.5;0;133156;193.3000031
200504;0.018;0.113;-5.5;6.199999809;7;2.950000048;0.059999999;96.68090057;1142.800049;1922.400024;5613.200195;0;133518;194.6000061
200505;0.024;0.097;-9.050000191;5.400000095;13;3.170000076;0.050000001;96.79250336;1116.400024;1913.300049;5641.899902;0;133690;194.3999939
200506;0.016;0.046;-10.72000027;7.900000095;21;2.839999914;0.059999999;97.19000244;1154.599976;1922.699951;5676.100098;0;133942;194.5
200507;-0.182;-0.109;-12.42000008;15.30000019;17;3.059999943;0.050000001;96.89810181;1202.199951;1947.300049;5704.299805;0;134296;195.3999939
200508;-0.153;0.074;-11.22000027;10.39999962;30;1.559999943;0.050000001;97.22229767;1139.5;1984.400024;5726.200195;0;134498;196.3999939
200509;-0.092;0.205;-10.53999996;4.5;17;1.779999971;0.059999999;95.34629822;1113.800049;2026.400024;5760.299805;0;134566;198.8000031
200510;-0.061;0.221;-11.42000008;13.19999981;12;1.870000005;0.050000001;96.49810028;1099.599976;2051.699951;5787.100098;0;134655;199.1999969
200511;-0.020;0.209;-11.72000027;20.79999924;18;3.279999971;0.050000001;97.56459808;1116.400024;2003.300049;5826.5;0;134993;197.6000061
200512;0.051;0.279;-11.86999989;6.199999809;18;3.529999971;0.050000001;98.02220154;1128.199951;2004.199951;5848.799805;0;135149;196.8000031
200601;-0.019;0.224;-14.96000004;18.70000076;14;3.49000001;0.050000001;98.20439911;1167.900024;2041.800049;5861.899902;0;135429;198.3000031
200602;-0.104;0.180;-14.86999989;9.5;19;3.269999981;0.050000001;98.24040222;1143.5;2047.900024;5904.600098;0;135737;198.6999969
200603;-0.132;0.162;-16.18000031;12.80000019;9;4.690000057;0.050000001;98.47419739;1151;2038.400024;5943.399902;0;136047;199.8000031
200604;-0.184;0.052;-15.64000034;6.300000191;12;4.710000038;0.050000001;98.77649689;1151;2072.100098;5968.5;0;136205;201.5
200605;-0.047;0.288;-11.69999981;7;15;3.769999981;0.050000001;98.78839874;1147.199951;2076.100098;6008.5;0;136244;202.5
200606;0.022;0.271;-10.72999954;8.199999809;21;3.160000086;0.050000001;99.10690308;1149.5;2082.300049;6027.799805;0;136325;202.8999939
200607;0.109;0.310;-7.590000153;0.400000006;10;2.619999886;0.050000001;99.03569794;1168.699951;2116.800049;6058.299805;0;136520;203.5
200608;0.124;0.395;-9.739999771;10;7;1.269999981;0.050000001;99.45829773;1146;2123;6073.200195;0;136694;203.8999939
200609;0.143;0.286;-9.890000343;15.60000038;14;-0.159999996;0.039999999;99.25440216;1166.900024;2098.899902;6109.5;0;136843;202.8999939
200610;0.141;0.285;-12.31000042;16.60000038;22;0.660000026;0.050000001;99.15139771;1168.300049;2083.100098;6142.200195;0;136852;201.8000031
200611;0.215;0.446;-13.67000008;10.5;29;-0.370000005;0.050000001;99.09739685;1164.400024;2072;6163.799805;0;137063;201.5
200612;0.206;0.460;-13.02999973;20.39999962;29;-0.340000004;0.050000001;100.111702;1175.5;2123.399902;6189.299805;0;137249;201.8000031
200701;0.270;0.394;-13.23999977;11.80000019;9;0.25;0.050000001;99.72260284;1183.5;2116.199951;6239;0;137477;202.3999939
200702;0.479;0.658;-13.18999958;17.20000076;23;-4.090000153;0.050000001;100.6919022;1175.099976;2120.899902;6269.899902;0;137558;203.5
200703;0.540;0.767;-13.72999954;10.10000038;21;-4.389999866;0.050000001;100.8856964;1178.5;2150.199951;6283.100098;0;137793;205.3999939
200704;0.596;0.839;-7.179999828;8.399999619;13;-6.019999981;0.050000001;101.5776978;1181.199951;2151;6311.299805;0;137842;206.6999969
200705;0.321;0.519;-7.46999979;5.199999809;28;-1.720000029;0.059999999;101.6481018;1197.699951;2170.300049;6317.799805;0;137993;207.8999939
200706;0.338;0.612;-8.220000267;17.39999962;20;-2.710000038;0.059999999;101.6741028;1178.199951;2177;6351.600098;0;138069;208.3999939
200707;0.247;0.570;-7.96999979;12.10000038;19;-2.819999933;0.059999999;101.5626984;1180.699951;2194.800049;6375.700195;0;138038;208.3000031
200708;0.170;0.343;-8.800000191;14.80000019;17;0.469999999;0.059999999;101.7751007;1192.400024;2174.600098;6432;0;138015;207.8999939
200709;0.114;0.295;-9.609999657;56;5;2.099999905;0.059999999;102.0279007;1202.599976;2195.100098;6447.399902;0;138095;208.5
200710;0.111;0.280;-11.5;25.89999962;23;3.960000038;0.059999999;101.7288971;1209;2196.899902;6476.700195;0;138174;208.8999939
200711;0.102;0.287;-8.970000267;12;39;4.900000095;0.07;102.3184967;1197.699951;2245;6513.200195;0;138284;210.1999969
200712;0.071;0.296;-8.529999733;18;23;6.159999847;0.079999998;102.3074036;1180;2255.899902;6536.899902;0;138392;210
200801;0.202;0.385;-4.880000114;21.20000076;13;3.190000057;0.079999998;102.168602;1168.400024;2252.600098;6575.399902;1;138403;211.1000061
200802;0.249;0.097;-4.269999981;-3.700000048;6;2.25;0.090000004;101.7673035;1148.400024;2238.399902;6594.899902;1;138324;211.6999969
200803;0.178;0.008;-3.680000067;16.70000076;3;3.710000038;0.100000001;101.3985977;1143.699951;2267.600098;6623.899902;1;138275;213.5
200804;0.078;-0.061;4.599999905;26.70000076;5;1.929999948;0.109999999;100.7238007;1139.099976;2276.199951;6655;1;138035;214.8000031
200805;0.026;-0.167;2.50999999;-1.100000024;6;2.720000029;0.129999995;100.1399002;1143.699951;2300.600098;6687.899902;1;137858;216.6000061
200806;0.018;-0.113;2.900000095;-7.400000095;3;3.49000001;0.140000001;99.91410065;1130.400024;2340.600098;6716.100098;1;137687;218.8000031
200807;-0.007;-0.060;1.429999948;8.899999619;4;4.059999943;0.159999996;99.49430084;1100;2356.300049;6728.899902;1;137491;220
200808;0.019;-0.026;1.690000057;-19.89999962;3;3.880000114;0.170000002;97.93669891;1114.300049;2336.800049;6724.600098;1;137213;219.1000061
200809;-0.251;-0.205;5.869999886;;0;11.21000004;0.200000003;93.65850067;1073.199951;2303.100098;6740.100098;1;136753;218.8000031
200810;-0.238;-0.275;7.300000191;;0;12.25;0.219999999;94.58450317;1026.599976;2262.899902;6744.600098;1;136272;216.6000061
200811;-0.611;-0.711;10.18000031;-1.200000048;1;18.22999954;0.230000004;93.34549713;1002.400024;2153;6729.799805;1;135545;212.3999939
200812;-0.504;-0.563;9.119999886;;0;14.57999992;0.219999999;90.71829987;995;2085.300049;6721.200195;1;134839;210.1999969
200901;-0.497;-0.489;7.260000229;;1;11.76000023;0.200000003;88.46829987;1023;2110.300049;6714;1;134055;211.1000061
200902;-0.699;-0.685;4.260000229;10.10000038;2;15.28999996;0.189999998;87.93599701;1006.200012;2130.199951;6688.100098;1;133312;212.1999969
200903;-0.698;-0.657;6.21999979;;2;14.97000027;0.180000007;86.5503006;984.2000122;2106.199951;6682.799805;1;132512;212.6999969
200904;-0.850;-0.826;0.810000002;22.60000038;6;13.85000038;0.189999998;85.85980225;978.7999878;2119.600098;6674.100098;1;131817;213.1999969
200905;-0.767;-0.755;1.25;27.5;4;14.27999973;0.219999999;84.99909973;998.9000244;2131.699951;6661;1;131475;213.8999939
200906;-0.765;-0.804;-0.939999998;23.29999924;8;14.02000046;0.230000004;84.72769928;1006.400024;2168.100098;6678;1;131008;215.6999969
200907;-0.562;-0.526;-2.380000114;;4;10.38000011;0.219999999;85.70909882;1020.799988;2175;6690.399902;0;130668;215.3999939
200908;-0.604;-0.381;-2.309999943;6.199999809;5;11.06999969;0.230000004;86.63330078;1089.099976;2197.899902;6717.200195;0;130485;215.8000031
200909;-0.672;-0.474;-2.369999886;13.80000019;12;9.220000267;0.209999993;87.3615036;995.4000244;2207.199951;6725.200195;0;130244;216
200910;-0.845;-0.515;0.379999995;0.300000012;13;10.96000004;0.189999998;87.54879761;1003.599976;2218.800049;6754.299805;0;130045;216.1999969
200911;-0.936;-0.563;0.180000007;12.19999981;11;11.25;0.180000007;87.91439819;1017.400024;2219.699951;6748.600098;0;130057;216.3000031
200912;-0.883;-0.663;-2.640000105;1.799999952;7;10.05000019;0.230000004;88.23179626;1021.599976;2230.199951;6800.799805;0;129788;215.8999939
201001;-0.866;-0.788;-1.580000043;-3.5;12;8.470000267;0.239999995;89.19360352;1006.099976;2241.5;6808.5;0;129790;216.6999969
201002;-0.792;-0.814;-2.50999999;0.899999976;8;10.02999973;0.25;89.5089035;1005.200012;2246.600098;6841.700195;0;129698;216.6999969
201003;-0.803;-0.924;-3.849999905;12.5;15;8.869999886;0.270000011;90.14489746;1052;2247.199951;6856.899902;0;129879;217.6000061
201004;-0.588;-0.729;-6.460000038;2.099999905;16;7.619999886;0.270000011;90.47399902;1046;2257;6879.299805;0;130110;218
201005;-0.560;-0.782;-7.28000021;8.300000191;14;8.989999771;0.239999995;91.71309662;1041.699951;2241.300049;6927.899902;0;130650;218.1999969
201006;-0.317;-0.604;-6.300000191;6.900000095;15;7.710000038;0.230000004;91.92870331;1044.099976;2243.699951;6943.5;0;130511;218
201007;-0.330;-0.629;-5.730000019;12.30000019;15;8.75;0.239999995;92.2736969;1047.5;2246.199951;6974.5;0;130427;218
201008;-0.246;-0.490;-5.059999943;14.10000038;16;7.989999771;0.230000004;92.61499786;1053.699951;2262.199951;6991.200195;0;130422;218.3000031
201009;-0.239;-0.355;-7.179999828;11.5;15;7.510000229;0.209999993;92.8667984;1056.099976;2279.699951;6991.299805;0;130357;218.3999939
201010;-0.362;-0.567;-9.819999695;11.60000038;25;7.28000021;0.209999993;92.61380005;1079.199951;2297.899902;7009.299805;0;130625;218.6999969
201011;-0.412;-0.660;-10.11999989;10.5;26;9.109999657;0.209999993;92.67720032;1077.5;2323.399902;7032.700195;0;130750;218.8000031
201012;-0.398;-0.524;-10.44999981;8.699999809;20;9.579999924;0.159999996;93.57409668;1078.699951;2339.800049;7052.5;0;130822;219.1999969
201101;-0.388;-0.343;-6.170000076;15.10000038;16;7.690000057;0.150000006;93.37930298;1085;2365.399902;7063.799805;0;130841;220.1999969
201102;-0.326;-0.209;-6.409999847;8.399999619;21;6.849999905;0.150000006;93.00509644;1083.800049;2373.5;7083.399902;0;131053;221.3000031
201103;-0.278;-0.212;-6.590000153;11.69999981;13;7.110000134;0.159999996;93.97799683;1095;2404.399902;7120.299805;0;131288;223.5
201104;-0.281;-0.141;-5.980000019;16.79999924;22;7.929999828;0.150000006;93.65249634;1090.900024;2430.399902;7130.799805;0;131602;224.8999939
201105;-0.139;0.168;-6.179999828;14.10000038;29;5.369999886;0.150000006;93.78780365;1081.199951;2425.100098;7165.899902;0;131703;226
201106;-0.215;0.137;-5.300000191;8.800000191;18;5.880000114;0.140000001;94.03780365;1076.599976;2439.199951;7179;0;131939;225.6999969
201107;-0.242;0.113;-7.309999943;27.60000038;17;6.639999866;0.140000001;94.51460266;1085.699951;2430.5;7215.399902;0;131999;225.8999939
201108;-0.251;0.208;-5.179999828;30;5;6.53000021;0.140000001;95.126297;1085.199951;2433.800049;7231.200195;0;132125;226.5
201109;-0.182;0.089;-4.150000095;;3;5.920000076;0.140000001;95.07319641;1101.300049;2446.699951;7235.200195;0;132358;226.8999939
201110;-0.189;-0.001;-6.25;17.89999962;8;7.860000134;0.140000001;95.72910309;1114.400024;2446.899902;7241.600098;0;132562;226.3999939
201111;-0.332;-0.102;-4.650000095;8.699999809;18;10.90999985;0.129999995;95.74549866;1107.900024;2454.699951;7244.200195;0;132694;226.1999969
201112;-0.365;-0.144;-4.170000076;1.799999952;10;11.71000004;0.129999995;96.21469879;1114.900024;2444.800049;7258.100098;0;132896;225.6999969
201201;-0.425;-0.303;-5.360000134;9.100000381;6;10.80000019;0.129999995;96.80509949;1130.400024;2470;7296.399902;0;133250;226.6999969
201202;-0.353;-0.295;-7.849999905;20;20;9.239999771;0.119999997;97.103302;1145.900024;2501.300049;7340;0;133512;227.6999969
201203;-0.355;-0.149;-9.319999695;24.60000038;24;9.5;0.109999999;96.59729767;1138;2500.5;7355.399902;0;133752;229.3999939
201204;-0.347;-0.230;-5.659999847;17.79999924;20;9.550000191;0.109999999;97.30059814;1137.400024;2500.699951;7380.5;0;133834;230.1000061
201205;-0.327;-0.255;-5.360000134;14.89999962;13;9.229999542;0.119999997;97.50460052;1133.400024;2486.600098;7386.799805;0;133934;229.8000031
201206;-0.460;-0.380;-4.260000229;12.30000019;8;11.27000046;0.109999999;97.49030304;1129.900024;2461.199951;7398.799805;0;134007;229.5
201207;-0.324;-0.240;-3.849999905;15.89999962;19;10.09000015;0.109999999;97.7233963;1134.699951;2460.300049;7421.799805;0;134159;229.1000061
201208;-0.338;-0.187;-6.440000057;14.89999962;11;9.399999619;0.109999999;97.31300354;1138.400024;2498.5;7419.100098;0;134331;230.3999939
201209;-0.329;-0.213;-7.03000021;29.60000038;10;8.899999619;0.119999997;97.2405014;1151.900024;2511.600098;7441.799805;0;134518;231.3999939
201210;-0.265;-0.085;-5.039999962;14.19999981;28;9.510000229;0.119999997;97.56099701;1141.199951;2524.399902;7471.899902;0;134677;231.3000031
201211;-0.394;-0.294;-5.630000114;2.400000095;12;11.23999977;0.119999997;97.95890045;1169.400024;2509.899902;7499.100098;0;134833;230.1999969
201212;-0.423;-0.339;-6.179999828;24.20000076;8;11.48999977;0.119999997;98.20610046;1180.099976;2497.199951;7503.899902;0;135072;229.6000061
201301;-0.343;-0.227;0.790000021;17.79999924;13;10.44999981;0.119999997;98.1989975;1192.599976;2541.300049;7511.899902;0;135263;230.3000031
201302;-0.212;-0.059;0.920000017;32.29999924;10;9.5;0.119999997;98.6835022;1193.199951;2557.5;7531.399902;0;135541;232.1999969
201303;-0.144;-0.049;-0.140000001;13.89999962;17;9.479999542;0.119999997;99.09940338;1180.5;2529.699951;7558.700195;0;135680;232.8000031
201304;-0.245;-0.119;1.149999976;13.60000038;16;9.43999958;0.119999997;98.9897995;1182.300049;2504.300049;7572.700195;0;135871;232.5
201305;-0.191;-0.069;-1.700000048;17;31;8.699999809;0.119999997;99.07820129;1187.099976;2517.699951;7590.200195;0;136093;232.8999939
201306;-0.131;-0.007;-2.569999933;19.29999924;25;7.639999866;0.129999995;99.2141037;1186.900024;2519.600098;7612;0;136274;233.5
201307;-0.226;-0.067;-4.25;19.29999924;23;8.800000191;0.119999997;98.91320038;1190.800049;2538;7618;0;136386;233.6000061
201308;-0.136;-0.068;-5.019999981;20.70000076;16;8.239999771;0.119999997;99.4890976;1187.699951;2538.399902;7650.799805;0;136628;233.8999939
201309;-0.107;-0.050;-7.550000191;30.10000038;24;8.909999847;0.119999997;100.0171967;1188.300049;2547.800049;7677.799805;0;136815;234.1000061
201310;-0.156;-0.078;-4.610000134;25.10000038;33;8.859999657;0.129999995;99.90380096;1191.400024;2552.300049;7721.5;0;137040;233.5
201311;-0.211;-0.148;-5.96999979;20.79999924;31;10.89000034;0.129999995;100.1479034;1201.699951;2563.5;7766.200195;0;137304;233.1000061
201312;-0.099;-0.030;-6.679999828;24.10000038;13;9.470000267;0.129999995;100.3575974;1190.400024;2576.600098;7791.600098;0;137373;233
201401;-0.294;-0.202;-10.92000008;27.60000038;19;9.880000114;0.129999995;99.98280334;1173.900024;2567.699951;7802.100098;0;137548;233.8999939
201402;-0.255;-0.196;-13.06000042;9.399999619;23;9.56000042;0.129999995;100.748497;1204.699951;2598.100098;7812.5;0;137714;234.8000031
201403;-0.252;-0.194;-9.75;28.79999924;32;9.68999958;0.119999997;101.7390976;1231.900024;2592.199951;7871.100098;0;137968;236.3000031
201404;-0.266;-0.204;-3.910000086;10.39999962;28;9.31000042;0.119999997;101.8022995;1230.300049;2620.699951;7886.5;0;138293;237.1000061
201405;-0.213;-0.181;-4.730000019;10.5;23;9.770000458;0.119999997;102.2116013;1238.599976;2617.399902;7922.600098;0;138511;237.8999939
201406;-0.171;-0.160;-6.730000019;13.30000019;32;9.829999924;0.119999997;102.5636978;1249.400024;2632.5;7956.100098;0;138837;238.3000031
201407;-0.042;-0.062;-5.329999924;12.30000019;37;8.529999733;0.119999997;102.8424988;1248.400024;2642;7988.799805;0;139069;238.3000031
201408;-0.075;-0.076;-6.440000057;11.39999962;14;9.899999619;0.119999997;102.6499023;1258.599976;2651.600098;8048.5;0;139257;237.8999939
201409;-0.016;0.029;-5.550000191;22.20000076;17;10.34000015;0.119999997;102.9646988;1259.800049;2633.100098;8071.899902;0;139566;238
201410;-0.112;-0.098;-6.059999943;5.199999809;36;11.38000011;0.109999999;102.9703979;1263.699951;2645.100098;8126.700195;0;139818;237.3999939
201411;-0.048;-0.015;-4.519999981;15.69999981;28;11.21000004;0.109999999;103.6016998;1272.800049;2635.100098;8150.399902;0;140109;236.1999969
201412;0.003;0.056;-4.75;23.60000038;16;10.60000038;0.109999999;103.5920029;1272.699951;2615;8180;0;140377;234.8000031
201501;0.132;0.169;-6.570000172;30.10000038;14;10.51000023;0.109999999;102.7979965;1273.300049;2566.399902;8196.799805;0;140568;233.6999969
201502;0.178;0.227;-7.78000021;-6;12;9.909999847;0.119999997;102.1554031;1276.699951;2583.300049;8223.099609;0;140839;234.6999969
201503;0.128;0.187;-9.930000305;4.5;10;9.100000381;0.119999997;101.8077011;1301.400024;2602.600098;8228.099609;0;140910;236.1000061
201504;-0.064;-0.011;-6.559999943;30.29999924;17;9.18999958;0.119999997;101.2285004;1307.800049;2595;8267.5;0;141194;236.6000061
201505;-0.039;0.068;-7.940000057;6.300000191;23;8.770000458;0.109999999;100.7536011;1311.300049;2624.399902;8297.799805;0;141525;237.8000031
201506;0.010;0.140;-10.10999966;29.29999924;30;8.489999771;0.109999999;100.4529037;1309.800049;2633.800049;8326.700195;0;141699;238.6000061
201507;-0.162;-0.024;-10.22000027;24.60000038;23;10.67000008;0.109999999;101.1100006;1316.5;2652.199951;8358.799805;0;142001;238.6999969
201508;-0.174;-0.047;-10.52000046;19.39999962;10;11.27999973;0.109999999;100.8802032;1322.5;2646.600098;8390.299805;0;142126;238.3000031
201509;-0.270;-0.152;-8.430000305;38;7;12.26000023;0.109999999;100.6080017;1316.599976;2627;8412.900391;0;142281;237.8999939
201510;-0.332;-0.160;-8.930000305;3.599999905;20;12.17000008;0.100000001;100.151001;1308.800049;2611.5;8442.099609;0;142587;237.8000031
201511;-0.409;-0.185;-10.46000004;13.30000019;14;12.30000019;0.100000001;99.38169861;1323;2623.100098;8451.400391;0;142824;237.3000031
201512;-0.380;-0.158;-9.800000191;32.29999924;2;11.44999981;0.100000001;98.85720062;1323.699951;2618.800049;8490.299805;0;143097;236.5
201601;-0.452;-0.278;-6.730000019;;0;13.75;0.100000001;99.40859985;1320.199951;2604;8527.900391;0;143205;236.8999939
201602;-0.433;-0.277;-5.510000229;-4.300000191;5;13.48999977;0.090000004;98.89459991;1342.699951;2604.699951;8579;0;143417;237.1000061
201603;-0.391;-0.221;-5.610000134;-2.5;4;12.64000034;0.090000004;98.1384964;1323.300049;2608.5;8575.099609;0;143654;238.1000061
201604;-0.393;-0.249;-1.080000043;7;8;11.10000038;0.090000004;98.43640137;1329.099976;2631.699951;8625.099609;0;143851;239.3000031
201605;-0.363;-0.249;-3.130000114;8.899999619;19;10.96000004;0.090000004;98.20960236;1330.699951;2642.800049;8651;0;143892;240.1999969
201606;-0.300;-0.205;-1.450000048;32;9;11.13000011;0.079999998;98.6765976;1347.900024;2671.800049;8681.900391;0;144150;241
201607;-0.218;-0.126;-3.940000057;11.5;11;9.760000229;0.079999998;98.83709717;1354.5;2645.699951;8720.400391;0;144521;240.6000061
201608;-0.216;-0.108;-4.610000134;3;8;10.06999969;0.079999998;98.73020172;1351.599976;2651.600098;8746.5;0;144664;240.8000031
201609;-0.324;-0.211;-6.25;46;17;11.60999966;0.079999998;98.62870026;1358;2663.600098;8785.099609;0;144953;241.3999939
201610;-0.307;-0.210;-6.75;9.5;21;11.98999977;0.079999998;98.71260071;1362.599976;2669.5;8796;0;145071;241.6999969
201611;-0.251;-0.196;-6.289999962;-0.100000001;3;11.53999996;0.090000004;98.30039978;1344.699951;2668.600098;8840.299805;0;145201;241.3999939
201612;-0.266;-0.260;-5.400000095;9.899999619;8;11.47000027;0.090000004;98.90630341;1377;2697.300049;8888.5;0;145415;241.3999939
201701;-0.349;-0.260;-7.940000057;5.099999905;10;11.18999958;0.090000004;98.73490143;1370.5;2719.300049;8925.299805;0;145628;242.8000031
201702;-0.311;-0.198;-8.130000114;1.899999976;8;10.22000027;0.090000004;98.4178009;1375;2721.600098;8938.099609;0;145818;243.6000061
201703;-0.272;-0.190;-9.18999958;15.5;14;9.859999657;0.090000004;99.07260132;1366.5;2733.300049;8989.799805;0;145960;243.8000031
201704;-0.354;-0.258;1.690000057;12.19999981;20;8.180000305;0.090000004;100.0544968;1374.400024;2751.100098;9002.200195;0;146165;244.5
201705;-0.267;-0.175;0.790000021;3.400000095;19;7.820000172;0.090000004;100.1389999;1372.300049;2726.899902;9029.5;0;146388;244.6999969
201706;-0.364;-0.284;-0.349999994;9.5;23;8.350000381;0.090000004;100.3147964;1384.300049;2738.5;9054;0;146585;245
201707;-0.388;-0.306;-1.090000033;28.29999924;15;9.279999733;0.090000004;100.1417999;1391.099976;2729;9078.200195;0;146768;244.8000031
201708;-0.426;-0.311;-1.649999976;-4.900000095;8;9.840000153;0.090000004;99.68779755;1384.800049;2753.899902;9102.299805;0;146913;245.5
201709;-0.242;-0.146;-1.470000029;24.89999962;19;8.420000076;0.079999998;99.78289795;1417.300049;2803.600098;9144.299805;0;147012;246.8000031
201710;-0.207;-0.172;-3.00999999;36.5;22;8.449999809;0.079999998;101.0401001;1425.5;2790.199951;9179.099609;0;147153;246.6999969
201711;-0.220;-0.154;-1.74000001;9.199999809;32;9.18999958;0.079999998;101.2259979;1443.800049;2827.199951;9224.799805;0;147353;246.6999969
201712;-0.212;-0.150;-1.49000001;7.199999809;12;8.199999809;0.079999998;101.3878021;1454.099976;2848.5;9299.200195;0;147529;246.5
201801;-0.133;-0.083;-5.349999905;27.60000038;20;7.840000153;0.079999998;101.3450012;1442.400024;2847.699951;9330;0;147662;247.8999939
201802;-0.073;-0.015;-6.880000114;-2.900000095;19;6.889999866;0.079999998;101.7068024;1453;2852.100098;9352.099609;0;148064;249
201803;-0.018;0.070;-7.550000191;22.70000076;17;6.71999979;0.079999998;102.2785034;1452.699951;2847.399902;9424.900391;0;148289;249.6000061
201804;-0.279;-0.200;-5.5;29.70000076;13;5.559999943;0.07;103.4339981;1466.699951;2870;9472.599609;0;148468;250.5
201805;-0.302;-0.173;-7.019999981;10.39999962;23;6.380000114;0.07;102.4735031;1475.800049;2901.600098;9494.700195;0;148801;251.6000061
201806;-0.296;-0.191;-9;22.60000038;36;6.590000153;0.079999998;103.2508011;1471.199951;2878;9563.700195;0;148984;252
201807;-0.241;-0.155;-7.880000114;21.5;25;6.880000114;0.079999998;103.4588013;1477.099976;2889.100098;9596.400391;0;149050;252
201808;-0.239;-0.212;-10.52999973;11.39999962;15;7.159999847;0.079999998;104.1801987;1482.599976;2894.300049;9637.599609;0;149269;252.1000061
201809;-0.298;-0.280;-9.279999733;26.10000038;24;7.460000038;0.079999998;104.1664963;1475;2901.5;9654.099609;0;149326;252.3999939
201810;-0.326;-0.249;-5.179999828;21.29999924;27;11.01000023;0.079999998;104.0475998;1480.800049;2928.699951;9710.099609;0;149471;252.8999939
201811;-0.368;-0.341;-5.650000095;0.899999976;11;10.22000027;0.079999998;103.9602966;1505;2945.699951;9737.099609;0;149573;252
201812;-0.414;-0.287;-4.980000019;-1.399999976;9;10.89999962;0.079999998;103.8690033;1447.599976;2858.600098;9744.5;0;149821;251.1999969
201901;-0.246;-0.107;-9.81000042;-6.599999905;8;9.890000343;0.07;103.2684021;1463.400024;2901;9740;0;150100;251.6999969
201902;-0.202;-0.047;-9.229999542;3.299999952;20;9.460000038;0.079999998;102.8156967;1462.199951;2894.399902;9761.200195;0;150124;252.8000031
201903;-0.156;0.001;-9.289999962;30.60000038;13;9.029999733;0.079999998;102.9000015;1494.300049;2933.100098;9817.099609;0;150348;254.1999969
201904;-0.197;0.026;-9.239999771;29.29999924;18;9.420000076;0.079999998;102.3825989;1496.900024;2970.699951;9861.799805;0;150636;255.5
201905;-0.125;0.003;-9.25;20.89999962;33;9.409999847;0.090000004;102.5755997;1510.300049;2970;9891.900391;0;150713;256.1000061
201906;-0.059;0.123;-9.159999847;38.79999924;24;9.659999847;0.090000004;102.5927963;1520.599976;2969.800049;9935.299805;0;150843;256.1000061
201907;-0.059;0.161;-10.27999973;22.79999924;24;8.789999962;0.090000004;102.2012024;1523.400024;2982.699951;9981.299805;0;150921;256.6000061
201908;0.006;0.234;-8.340000153;12.80000019;10;9;0.090000004;102.9085999;1528.400024;2990.399902;10017.5;0;151081;256.6000061
201909;-0.011;0.253;-6.03000021;21.20000076;15;8.479999542;0.090000004;102.5790024;1542.5;2970.699951;10051.5;0;151244;256.7999878
201910;-0.160;0.124;-7.599999905;8.800000191;20;8.489999771;0.090000004;101.7774963;1529.900024;2999.399902;10078.59961;0;151337;257.2999878
201911;-0.127;0.154;-8.470000267;13.10000038;28;8.659999847;0.090000004;102.0979004;1547.099976;3000.800049;10119.7002;0;151589;257.2000122
201912;-0.135;0.184;-8.550000191;53.40000153;13;8.43999958;0.090000004;101.7631989;1540.599976;3004.600098;10141.2002;0;151789;257
202001;0.027;0.275;-11.53999996;45;13;7.170000076;0.100000001;101.3030014;1550.800049;3014.600098;10204.5;0;152128;258
202002;-0.075;0.144;-14.39000034;24.89999962;20;9.520000458;0.109999999;101.7037964;1550;3004.600098;10230.59961;0;152504;258.7000122
202003;-0.172;0.403;-13.89000034;-8.899999619;5;11.52999973;0.100000001;97.87460327;1353.900024;3118.899902;9289.400391;1;151006;258.1000061
202004;-0.177;0.217;-5.269999981;38.5;9;11.34000015;0.090000004;84.95899963;1195.400024;2691.899902;8134.600098;1;130513;256.3999939
202005;-0.171;0.016;-9.350000381;35.40000153;17;11.38000011;0.090000004;86.33450317;1532.5;2900.100098;8625.400391;0;133155;256.3999939
202006;-0.077;0.166;-10.94999981;36.70000076;36;10.48999977;0.100000001;91.75229645;1676.900024;3053;9159.5;0;137660;257.7999878
202007;-0.027;0.101;-13.94999981;44.5;46;10.72000027;0.100000001;95.24389648;1730.900024;3095.800049;9302.599609;0;139048;259.1000061
202008;-0.011;0.123;-15.94999981;61.90000153;46;10.43000031;0.109999999;96.11730194;1754.400024;3089.199951;9427;0;140713;259.8999939
202009;-0.021;0.072;-15.17000008;33.40000153;65;10.27999973;0.109999999;96.07109833;1774.599976;3156.699951;9550.400391;0;141632;260.2999878
202010;0.103;0.137;-17.5;18.20000076;92;9.909999847;0.119999997;96.82499695;1794;3143.199951;9608.900391;0;142279;260.3999939
202011;0.179;0.290;-20.62999916;38.5;42;9.220000267;0.119999997;97.11830139;1763.699951;3115.600098;9588.099609;0;142612;260.2000122
202012;0.348;0.385;-23.29999924;84.69999695;73;8.729999542;0.129999995;98.13800049;1719.900024;3065.5;9604.200195;0;142497;260.5
202101;0.706;0.621;-25.13999939;37.79999924;119;6.760000229;0.140000001;99.26450348;1912.599976;3252.699951;9692.5;0;143017;261.6000061
202102;1.025;1.129;-25.79999924;32.29999924;131;5.5;0.150000006;96.22309875;1836.900024;3178.5;9684.200195;0;143727;263
202103;1.223;0.449;-22.30999947;21.29999924;151;4.460000038;0.170000002;98.86209869;2124;3430.300049;9904.599609;0;144431;264.8999939
202104;0.963;-0.368;-12.02000046;37.90000153;48;6.320000172;0.180000007;99.02459717;2150.300049;3425.699951;10042.7002;0;144694;267.1000061
202105;1.113;0.126;-10.48999977;34.90000153;43;6.96999979;0.180000007;99.77850342;2065.699951;3409.600098;10149.09961;0;145141;269.2000122
202106;1.222;0.610;-14.34000015;37.70000076;79;6.699999809;0.170000002;100.1922989;2060.5;3477.600098;10263.90039;0;145698;271.7000122
202107;1.406;0.967;-13.77000046;24.39999962;98;7.889999866;0.170000002;100.8723984;1979.800049;3445.600098;10389.5;0;146387;273
202108;1.658;1.221;-16.06999969;23.39999962;40;6.46999979;0.170000002;100.836998;1997.099976;3524.5;10469.40039;0;146904;273.6000061
202109;1.735;1.367;-16.21999931;33.70000076;53;3.970000029;0.170000002;99.84980011;2008.5;3544.800049;10535.5;0;147328;274.2999878
202110;1.721;1.318;-17.64999962;10;101;4.449999809;0.170000002;101.360199;2098.800049;3601.699951;10609;0;148005;276.6000061
202111;2.018;1.656;-14.22000027;70.69999695;92;2.079999924;0.170000002;101.9609985;2096.300049;3630.800049;10663.7998;0;148652;277.8999939
202112;2.278;2.083;-9.970000267;19.39999962;63;1.230000019;0.159999996;101.7586975;1984.099976;3540.899902;10717.2998;0;149240;278.7999878
202201;2.254;1.965;-10.07999992;3.400000095;37;-0.059999999;0.150000006;102.1460037;2137.600098;3634.699951;10771;0;149744;281.1000061
202202;2.058;1.628;-11.71000004;87.90000153;34;1.110000014;0.129999995;102.9981003;2116.399902;3660;10859.40039;0;150458;283.7000122
202203;1.809;1.320;-11.72999954;2.700000048;14;-1.159999967;0.109999999;103.7285995;2112.800049;3756.199951;10962.2002;0;150856;287.5
202204;1.369;0.905;3.619999886;146.8000031;17;1.570000052;0.109999999;104.5223999;2146.5;3732.300049;11032.40039;0;151224;289.1000061
202205;1.247;1.519;6.96999979;6.400000095;15;2.420000076;0.100000001;104.5728989;2084.399902;3750.199951;11119.90039;0;151608;292.2999878
202206;1.187;1.486;7.579999924;61.90000153;9;4.269999981;0.100000001;104.3647995;2116.199951;3813.300049;11206.2002;0;151980;296.2999878
